"Órgão","Unidade Gestora","Número Contrato","Fornecedor","Vig. Início","Vig. Fim","Valor Global","Núm. Parcelas","Valor Parcela"
"39000 - MINISTERIO DOS TRANSPORTES","390004 - SPOA-ADMINISTRATIVO","00005/2023","01.590.728/0002-64 - MICROTECNICA INFORMATICA LTDA","12/05/2023","12/05/2024","R$ 429.839,85","1","R$ 429.839,85"
"39000 - MINISTERIO DOS TRANSPORTES","390004 - SPOA-ADMINISTRATIVO","00007/2022","58.619.404/0008-14 - CONVERGINT COMERCIO E SERVICOS DE TECNOLOGIA LTDA","09/03/2022","09/03/2025","R$ 258.480,42","1","R$ 258.480,42"
"39000 - MINISTERIO DOS TRANSPORTES","390004 - SPOA-ADMINISTRATIVO","00033/2019","01.181.242/0002-72 - COMPWIRE INFORMATICA LTDA","27/12/2019","27/12/2024","R$ 1.405.498,00","1","R$ 1.405.498,00"
"39000 - MINISTERIO DOS TRANSPORTES","390004 - SPOA-ADMINISTRATIVO","00033/2024","04.602.789/0001-01 - DATEN TECNOLOGIA LTDA","27/12/2024","27/12/2025","R$ 2.156.690,52","1","R$ 2.156.690,52"
"39000 - MINISTERIO DOS TRANSPORTES","390004 - SPOA-ADMINISTRATIVO","00001/2022","58.619.404/0008-14 - CONVERGINT COMERCIO E SERVICOS DE TECNOLOGIA LTDA","31/01/2022","31/01/2025","R$ 3.667.086,94","1","R$ 3.667.086,94"
"39000 - MINISTERIO DOS TRANSPORTES","390004 - SPOA-ADMINISTRATIVO","00002/2023","04.198.254/0001-17 - MCR SISTEMAS E CONSULTORIA LTDA","05/04/2023","05/06/2026","R$ 621.210,00","1","R$ 621.210,00"
"39000 - MINISTERIO DOS TRANSPORTES","390004 - SPOA-ADMINISTRATIVO","00029/2015","806030 - SERPRO - SEDE - BRASILIA","21/09/2019","21/09/2020","R$ 42.895.725,99","12","R$ 0,00"
"39000 - MINISTERIO DOS TRANSPORTES","390004 - SPOA-ADMINISTRATIVO","00004/2019","07.432.517/0001-07 - SIMPRESS COMERCIO LOCACAO E SERVICOS LTDA","04/02/2019","04/08/2024","R$ 248.951,34","6","R$ 41.491,89"
"39000 - MINISTERIO DOS TRANSPORTES","390004 - SPOA-ADMINISTRATIVO","00004/2023","03.619.767/0005-15 - TORINO INFORMATICA LTDA..","10/05/2023","10/05/2024","R$ 208.608,00","1","R$ 208.608,00"
"39000 - MINISTERIO DOS TRANSPORTES","390004 - SPOA-ADMINISTRATIVO","00001/2024","01.134.191/0001-47 - SERVIX INFORMATICA LTDA","11/01/2024","11/01/2027","R$ 166.000,00","1","R$ 166.000,00"
"39000 - MINISTERIO DOS TRANSPORTES","390004 - SPOA-ADMINISTRATIVO","00006/2023","07.953.689/0001-18 - FAGUNDEZ DISTRIBUICAO LTDA","10/05/2023","10/05/2024","R$ 111.456,00","1","R$ 111.456,00"
"39000 - MINISTERIO DOS TRANSPORTES","390004 - SPOA-ADMINISTRATIVO","00005/2019","37.165.529/0001-75 - PANACOPY COMERCIO DE EQUIPAMENTOS REPROGRAFICOS LTDA","30/01/2019","30/01/2024","R$ 85.842,42","12","R$ 7.153,54"
"39000 - MINISTERIO DOS TRANSPORTES","390004 - SPOA-ADMINISTRATIVO","00013/2022","05.250.796/0001-54 - NETWORK SECURE SEGURANCA DA INFORMACAO LTDA","27/04/2022","27/04/2024","R$ 78.757,60","12","R$ 6.563,13"
"39000 - MINISTERIO DOS TRANSPORTES","390004 - SPOA-ADMINISTRATIVO","00017/2023","04.198.254/0001-17 - MCR SISTEMAS E CONSULTORIA LTDA","04/10/2023","04/10/2026","R$ 1.064.100,16","1","R$ 1.064.100,16"
"39000 - MINISTERIO DOS TRANSPORTES","390004 - SPOA-ADMINISTRATIVO","00027/2019","78.931.474/0001-44 - ROOST LTDA","11/12/2019","11/12/2020","R$ 327.032,26","1","R$ 327.032,26"
"39000 - MINISTERIO DOS TRANSPORTES","399008 - PORTOSRIO","00014/2021","07.432.517/0001-07 - SIMPRESS COMERCIO LOCACAO E SERVICOS LTDA","27/04/2021","26/04/2026","R$ 131.259,00","12","R$ 10.938,25"
"39000 - MINISTERIO DOS TRANSPORTES","399008 - PORTOSRIO","00038/2022","10.797.219/0001-17 - FUNDAMENTAL LOCACAO DE EQUIPAMENTOS DE INFORMATICA E EVENTOS LTDA","07/07/2022","06/07/2027","R$ 81.187,75","36","R$ 2.255,22"
"39000 - MINISTERIO DOS TRANSPORTES","399008 - PORTOSRIO","00022/2025","07.757.473/0001-87 - MINDTEK INTELIGENCIA E TECNOLOGIA LTDA","07/05/2025","06/05/2027","R$ 1.874.987,04","1","R$ 1.874.987,04"
"39000 - MINISTERIO DOS TRANSPORTES","399008 - PORTOSRIO","00015/2025","02.421.421/0001-11 - TIM S A","02/04/2025","01/04/2030","R$ 703.166,00","60","R$ 11.719,43"
"39000 - MINISTERIO DOS TRANSPORTES","399008 - PORTOSRIO","00063/2024","16.657.548/0001-49 - NUNTIUS CONSULTORIA E ENGENHARIA LTDA","25/11/2024","24/11/2027","R$ 9.440.000,00","36","R$ 262.222,22"
"39000 - MINISTERIO DOS TRANSPORTES","399008 - PORTOSRIO","00030/2022","04.622.116/0001-13 - ALGAR MULTIMIDIA S/A","10/06/2022","09/06/2025","R$ 360.197,00","36","R$ 10.005,47"
"39000 - MINISTERIO DOS TRANSPORTES","399008 - PORTOSRIO","00005/2025","56.135.362/0001-44 - INOVAPRO SOLUCOES EM TECNOLOGIA LTDA","13/01/2025","12/07/2026","R$ 1.645.875,00","18","R$ 91.437,50"
"39000 - MINISTERIO DOS TRANSPORTES","399008 - PORTOSRIO","00004/2021","10.761.611/0001-06 - ATTIS PROCESSAMENTO DE DADOS LTDA","04/02/2021","03/02/2026","R$ 132.000,00","12","R$ 11.000,00"
"39000 - MINISTERIO DOS TRANSPORTES","399008 - PORTOSRIO","00002/2023","23.566.982/0001-89 - GOLDCOM TELECOMUNICACOES LTDA","27/01/2023","27/01/2026","R$ 457.771,68","36","R$ 12.715,88"
"39000 - MINISTERIO DOS TRANSPORTES","399008 - PORTOSRIO","00017/2023","03.066.528/0001-51 - OPENPORT SISTEMAS LTDA","06/06/2023","05/06/2028","R$ 6.640.000,00","60","R$ 110.666,67"
"39000 - MINISTERIO DOS TRANSPORTES","399008 - PORTOSRIO","00034/2024","05.056.597/0001-00 - STARSOFT SISTEMAS CORPORATIVOS LTDA","17/07/2024","16/07/2025","R$ 601.128,00","12","R$ 50.094,00"
"39000 - MINISTERIO DOS TRANSPORTES","399008 - PORTOSRIO","00018/2022","04.724.924/0001-91 - ACTIVEWEB TECHNOLOGIES INFORMATICA LTDA","04/04/2022","03/04/2027","R$ 2.760,00","1","R$ 2.760,00"
"39000 - MINISTERIO DOS TRANSPORTES","399008 - PORTOSRIO","00016/2023","10.334.879/0001-61 - 3CORP SERVICOS DE TECNOLOGIA LTDA.","02/06/2023","01/06/2026","R$ 180.000,00","36","R$ 5.000,00"
"39000 - MINISTERIO DOS TRANSPORTES","399008 - PORTOSRIO","00003/2023","39.162.235/0001-15 - SUPERIMAGEM TECNOLOGIA EM ELETRONICA LTDA","27/01/2023","27/01/2026","R$ 237.000,00","36","R$ 6.583,33"
"39000 - MINISTERIO DOS TRANSPORTES","399008 - PORTOSRIO","00035/2021","05.045.317/0001-68 - INTERAGI TECNOLOGIA LTDA","12/11/2021","11/11/2025","R$ 959.850,00","24","R$ 39.993,75"
"39000 - MINISTERIO DOS TRANSPORTES","399008 - PORTOSRIO","00030/2024","57.142.978/0001-05 - BRASOFTWARE INFORMATICA LTDA","20/06/2024","19/12/2026","R$ 2.826.925,00","36","R$ 78.525,69"
"39000 - MINISTERIO DOS TRANSPORTES","399008 - PORTOSRIO","00013/2021","05.280.162/0001-44 - YSSY SOLUCOES S.A.","14/04/2021","13/04/2026","R$ 163.482,87","24","R$ 6.811,79"
"39000 - MINISTERIO DOS TRANSPORTES","399008 - PORTOSRIO","00006/2021","58.062.365/0001-20 - ALCON ENGENHARIA DE SISTEMAS LTDA","01/03/2021","15/11/2025","R$ 785.248,20","30","R$ 26.174,94"
"39000 - MINISTERIO DOS TRANSPORTES","390096 - SGETI","00007/2024","68.558.972/0001-30 - G L S ENGENHARIA E CONSULTORIA LTDA","22/02/2024","22/02/2026","R$ 784.953,76","1","R$ 784.953,76"
"39000 - MINISTERIO DOS TRANSPORTES","390096 - SGETI","00010/2020","806030 - SERPRO - SEDE - BRASILIA","21/09/2020","21/09/2025","R$ 238.902.385,31","24","R$ 9.954.266,05"
"39000 - MINISTERIO DOS TRANSPORTES","390096 - SGETI","00009/2022","01.968.073/0001-34 - EVOLUCAO DESENVOLVIMENTO DE SISTEMAS LTDA","01/04/2022","01/04/2026","R$ 348.783,63","12","R$ 29.065,30"
"39000 - MINISTERIO DOS TRANSPORTES","390096 - SGETI","00007/2023","02.593.165/0001-40 - GARTNER DO BRASIL SERVICOS DE PESQUISAS LTDA.","10/05/2023","10/05/2026","R$ 1.075.140,35","12","R$ 89.595,03"
"39000 - MINISTERIO DOS TRANSPORTES","390096 - SGETI","00012/2022","26.025.401/0001-90 - BLUE EYE SOLUCOES EM TECNOLOGIA LTDA","27/04/2022","27/04/2026","R$ 1.522.079,00","12","R$ 126.839,92"
"39000 - MINISTERIO DOS TRANSPORTES","390096 - SGETI","00016/2022","57.142.978/0001-05 - BRASOFTWARE INFORMATICA LTDA","30/06/2022","30/06/2025","R$ 18.271.352,18","1","R$ 18.271.352,18"
"39000 - MINISTERIO DOS TRANSPORTES","390096 - SGETI","00006/2025","04.947.601/0001-67 - RESOURCE TECNOLOGIA E INFORMATICA LTDA.","03/02/2025","03/02/2026","R$ 10.778.198,16","12","R$ 898.183,18"
"39000 - MINISTERIO DOS TRANSPORTES","390096 - SGETI","00017/2022","19.877.285/0002-52 - LANLINK SOLUCOES E COMERCIALIZACAO EM INFORMATICA S/A","11/07/2022","11/07/2026","R$ 406.784,87","2","R$ 203.392,43"
"39000 - MINISTERIO DOS TRANSPORTES","390096 - SGETI","00023/2022","37.057.387/0001-22 - HEPTA TECNOLOGIA E INFORMATICA LTDA","29/11/2022","29/11/2025","R$ 4.168.022,52","12","R$ 347.335,21"
"39000 - MINISTERIO DOS TRANSPORTES","390096 - SGETI","00003/2024","40.195.063/0001-65 - GROOM LAKE TECNOLOGIA DA INFORMACAO LTDA","30/01/2024","30/01/2026","R$ 818.427,72","1","R$ 818.427,72"
"39000 - MINISTERIO DOS TRANSPORTES","390096 - SGETI","00001/2017","806030 - SERPRO - SEDE - BRASILIA","25/10/2019","25/10/2020","R$ 89.145.748,68","12","R$ 7.428.812,39"
"39000 - MINISTERIO DOS TRANSPORTES","390096 - SGETI","00011/2021","05.276.049/0001-95 - FIRST DECISION TECNOLOGIAS INOVADORAS E INFORMATICA LTDA","09/07/2021","09/07/2026","R$ 8.196.986,88","12","R$ 683.082,24"
"39000 - MINISTERIO DOS TRANSPORTES","390096 - SGETI","00006/2024","01.628.251/0001-88 - ALUCOM LTDA","17/02/2024","17/02/2028","R$ 518.071,20","1","R$ 518.071,20"
"39000 - MINISTERIO DOS TRANSPORTES","390096 - SGETI","00002/2024","04.929.322/0001-70 - LAYER TECNOLOGIA DA INFORMACAO LTDA","30/01/2024","30/01/2027","R$ 2.420.000,00","1","R$ 2.420.000,00"
"39000 - MINISTERIO DOS TRANSPORTES","390096 - SGETI","00004/2024","76.366.285/0001-40 - SEPROL IT SERVICES & CONSULTING LTDA","15/01/2024","15/01/2025","R$ 135.744,00","1","R$ 135.744,00"