"Órgão","Unidade Gestora","Número Contrato","Fornecedor","Vig. Início","Vig. Fim","Valor Global","Núm. Parcelas","Valor Parcela"
"55000 - MIN.DESENV.E ASSIT.SOCIAL,FAM.E COMBATE FO","550005 - C.G.L.C.","00039/2021","05.673.799/0001-09 - PPN TECNOLOGIA E INFORMATICA LTDA","31/12/2021","31/12/2025","R$ 1.146.845,10","12","R$ 95.570,43"
"55000 - MIN.DESENV.E ASSIT.SOCIAL,FAM.E COMBATE FO","550005 - C.G.L.C.","00020/2021","26.025.401/0001-90 - BLUE EYE SOLUCOES EM TECNOLOGIA LTDA","22/09/2021","22/09/2025","R$ 1.461.715,50","12","R$ 121.809,63"
"55000 - MIN.DESENV.E ASSIT.SOCIAL,FAM.E COMBATE FO","550005 - C.G.L.C.","00015/2021","14.139.773/0001-68 - EXTREME DIGITAL CONSULTORIA E REPRESENTACOES LTDA","23/08/2021","23/08/2024","R$ 1.657.648,66","12","R$ 138.137,39"
"55000 - MIN.DESENV.E ASSIT.SOCIAL,FAM.E COMBATE FO","550005 - C.G.L.C.","00006/2025","36.765.378/0001-23 - MEMORA PROCESSOS INOVADORES S.A.","13/02/2025","13/02/2026","R$ 10.734.801,12","12","R$ 894.566,76"
"55000 - MIN.DESENV.E ASSIT.SOCIAL,FAM.E COMBATE FO","550005 - C.G.L.C.","00060/2024","42.422.253/0001-01 - EMPRESA DE TECNOLOGIA E INFORMACOES DA PREVIDENCIA S.A. - DATAPREV","07/06/2024","07/06/2026","R$ 24.437.268,17","24","R$ 1.018.219,51"
"55000 - MIN.DESENV.E ASSIT.SOCIAL,FAM.E COMBATE FO","550005 - C.G.L.C.","00044/2022","42.422.253/0001-01 - EMPRESA DE TECNOLOGIA E INFORMACOES DA PREVIDENCIA S.A. - DATAPREV","05/12/2022","05/12/2025","R$ 4.083.437,96","12","R$ 340.286,50"
"55000 - MIN.DESENV.E ASSIT.SOCIAL,FAM.E COMBATE FO","550005 - C.G.L.C.","00080/2024","04.198.254/0001-17 - MCR SISTEMAS E CONSULTORIA LTDA","04/10/2024","04/10/2027","R$ 3.086.886,60","36","R$ 85.746,85"
"55000 - MIN.DESENV.E ASSIT.SOCIAL,FAM.E COMBATE FO","550005 - C.G.L.C.","00046/2017","02.593.165/0001-40 - GARTNER DO BRASIL SERVICOS DE PESQUISAS LTDA.","27/11/2017","27/11/2022","R$ 654.531,91","12","R$ 54.544,33"
"55000 - MIN.DESENV.E ASSIT.SOCIAL,FAM.E COMBATE FO","550005 - C.G.L.C.","00096/2024","07.432.517/0001-07 - SIMPRESS COMERCIO LOCACAO E SERVICOS LTDA","14/11/2024","14/11/2029","R$ 60.787,70","60","R$ 1.013,13"
"55000 - MIN.DESENV.E ASSIT.SOCIAL,FAM.E COMBATE FO","550005 - C.G.L.C.","00077/2024","33.683.111/0001-07 - SERVICO FEDERAL DE PROCESSAMENTO DE DADOS (SERPRO)","27/09/2024","27/09/2027","R$ 196.158,06","36","R$ 5.448,84"
"55000 - MIN.DESENV.E ASSIT.SOCIAL,FAM.E COMBATE FO","550005 - C.G.L.C.","00007/2024","02.877.566/0001-21 - IBROWSE - CONSULTORIA & INFORMATICA LTDA","16/02/2024","16/08/2025","R$ 6.858.576,24","6","R$ 1.143.096,04"
"55000 - MIN.DESENV.E ASSIT.SOCIAL,FAM.E COMBATE FO","550005 - C.G.L.C.","00061/2024","33.683.111/0001-07 - SERVICO FEDERAL DE PROCESSAMENTO DE DADOS (SERPRO)","02/07/2024","02/07/2029","R$ 16.145.736,00","60","R$ 269.095,60"
"55000 - MIN.DESENV.E ASSIT.SOCIAL,FAM.E COMBATE FO","550005 - C.G.L.C.","00001/2021","11.168.199/0001-88 - HITSS DO BRASIL SERVICOS TECNOLOGICOS LTDA.","20/01/2021","20/09/2024","R$ 9.114.459,74","12","R$ 759.538,31"
"55000 - MIN.DESENV.E ASSIT.SOCIAL,FAM.E COMBATE FO","550005 - C.G.L.C.","00029/2021","10.573.068/0001-13 - TO BRASIL CONSULTORIA EM TECNOLOGIA DA INFORMACAO LTDA.","29/11/2021","28/02/2024","R$ 1.758.132,45","3","R$ 586.044,15"
"55000 - MIN.DESENV.E ASSIT.SOCIAL,FAM.E COMBATE FO","550005 - C.G.L.C.","00054/2020","05.085.461/0001-28 - DATAINFO SOLUCOES EM TECNOLOGIA DA INFORMACAO LTDA","31/12/2020","31/12/2025","R$ 12.173.081,12","12","R$ 1.014.423,43"
"55000 - MIN.DESENV.E ASSIT.SOCIAL,FAM.E COMBATE FO","550005 - C.G.L.C.","00042/2017","26.990.812/0001-15 - TECNISYS INFORMATICA E ASSESSORIA EMPRESARIAL LTDA.","08/11/2017","08/11/2021","R$ 1.037.423,42","1","R$ 0,00"
"55000 - MIN.DESENV.E ASSIT.SOCIAL,FAM.E COMBATE FO","550005 - C.G.L.C.","00007/2023","01.968.073/0001-34 - EVOLUCAO DESENVOLVIMENTO DE SISTEMAS LTDA","21/03/2023","21/03/2026","R$ 327.752,75","12","R$ 27.312,73"
"55000 - MIN.DESENV.E ASSIT.SOCIAL,FAM.E COMBATE FO","550005 - C.G.L.C.","00061/2017","11.266.883/0001-00 - INFOSEC TECNOLOGIA DA INFORMACAO LTDA","29/12/2017","29/12/2022","R$ 608.441,51","12","R$ 50.703,46"
"55000 - MIN.DESENV.E ASSIT.SOCIAL,FAM.E COMBATE FO","550005 - C.G.L.C.","00017/2021","04.198.254/0001-17 - MCR SISTEMAS E CONSULTORIA LTDA","02/09/2021","02/09/2024","R$ 615.525,92","36","R$ 17.097,94"
"55000 - MIN.DESENV.E ASSIT.SOCIAL,FAM.E COMBATE FO","550005 - C.G.L.C.","00002/2021","01.134.191/0002-28 - SERVIX INFORMATICA LTDA","09/02/2021","09/02/2026","R$ 2.334.133,92","24","R$ 97.255,58"
"55000 - MIN.DESENV.E ASSIT.SOCIAL,FAM.E COMBATE FO","550005 - C.G.L.C.","00022/2018","806030 - SERPRO - SEDE - BRASILIA","20/07/2018","20/01/2024","R$ 7.787.771,70","6","R$ 1.297.961,95"
"55000 - MIN.DESENV.E ASSIT.SOCIAL,FAM.E COMBATE FO","550005 - C.G.L.C.","00026/2023","35.486.862/0001-50 - MOVX TECNOLOGIA LTDA","04/08/2023","04/08/2025","R$ 14.484,65","12","R$ 1.207,05"
"55000 - MIN.DESENV.E ASSIT.SOCIAL,FAM.E COMBATE FO","550005 - C.G.L.C.","00049/2023","57.142.978/0001-05 - BRASOFTWARE INFORMATICA LTDA","09/11/2023","09/11/2026","R$ 14.045.625,00","34","R$ 413.106,62"
"55000 - MIN.DESENV.E ASSIT.SOCIAL,FAM.E COMBATE FO","550005 - C.G.L.C.","00066/2023","35.194.946/0001-10 - 3STRUCTURE IT LTDA","05/12/2023","05/04/2027","R$ 31.178.999,88","40","R$ 779.475,00"
"55000 - MIN.DESENV.E ASSIT.SOCIAL,FAM.E COMBATE FO","550005 - C.G.L.C.","00036/2021","33.267.080/0001-03 - KANELS VAREJO ESPECIALIZADO EM EQUIPAMENTOS DE AUDIO E VIDEO LTDA","27/12/2021","27/12/2022","R$ 33.000,00","1","R$ 33.000,00"
"55000 - MIN.DESENV.E ASSIT.SOCIAL,FAM.E COMBATE FO","550005 - C.G.L.C.","00054/2022","02.593.165/0001-40 - GARTNER DO BRASIL SERVICOS DE PESQUISAS LTDA.","30/12/2022","30/12/2023","R$ 960.000,00","12","R$ 80.000,00"
"55000 - MIN.DESENV.E ASSIT.SOCIAL,FAM.E COMBATE FO","550005 - C.G.L.C.","00004/2018","07.171.299/0001-96 - CENTRAL IT TECNOLOGIA DA INFORMACAO S/A","19/02/2018","19/02/2024","R$ 13.456.002,06","12","R$ 1.121.333,51"
"55000 - MIN.DESENV.E ASSIT.SOCIAL,FAM.E COMBATE FO","550005 - C.G.L.C.","00058/2024","24.425.034/0001-96 - JAMC CONSULTORIA E REPRESENTACAO DE SOFTWARE LTDA","27/05/2024","27/05/2025","R$ 5.296.500,00","12","R$ 441.375,00"