"Órgão","Unidade Gestora","Número Contrato","Fornecedor","Vig. Início","Vig. Fim","Valor Global","Núm. Parcelas","Valor Parcela"
"36000 - MINISTERIO DA SAUDE","257032 - DSEI/BAHIA","00008/2023","16.306.870/0001-23 - ESCRITA COMERCIO E SERVICOS LTDA","02/06/2023","31/05/2026","R$ 78.593,33","12","R$ 6.549,44"
"36000 - MINISTERIO DA SAUDE","257027 - DSEI/MANAUS","00026/2022","07.797.967/0001-95 - NP TECNOLOGIA E GESTAO DE DADOS LTDA","06/07/2022","06/07/2026","R$ 21.730,00","1","R$ 21.730,00"
"36000 - MINISTERIO DA SAUDE","250057 - MS-INTO","00094/2021","04.842.765/0001-20 - NETWAY TELECOM LTDA","01/06/2021","01/06/2026","R$ 72.136,56","12","R$ 6.011,38"
"36000 - MINISTERIO DA SAUDE","250057 - MS-INTO","00066/2021","07.171.299/0001-96 - CENTRAL IT TECNOLOGIA DA INFORMACAO S/A","20/04/2021","20/04/2026","R$ 3.843.298,44","12","R$ 320.274,87"
"36000 - MINISTERIO DA SAUDE","250057 - MS-INTO","00287/2022","03.124.977/0001-09 - MV SISTEMAS DE MEDICINA DIAGNOSTICA LTDA","08/08/2022","08/08/2025","R$ 296.797,44","12","R$ 24.733,12"
"36000 - MINISTERIO DA SAUDE","250057 - MS-INTO","00373/2022","23.035.197/0001-08 - RIO MADEIRA CERTIFICADORA DIGITAL LTDA","17/10/2022","16/10/2025","R$ 999,99","1","R$ 999,99"
"36000 - MINISTERIO DA SAUDE","250057 - MS-INTO","00311/2024","09.162.855/0005-17 - PTLS SERVICOS DE TECNOLOGIA E ASSESSORIA TECNICA LTDA","16/09/2024","16/09/2027","R$ 400.005,00","1","R$ 400.005,00"
"36000 - MINISTERIO DA SAUDE","250057 - MS-INTO","00331/2023","04.892.991/0001-15 - TELTEC SOLUTIONS LTDA","28/07/2023","28/07/2024","R$ 1.465.639,00","1","R$ 1.465.639,00"
"36000 - MINISTERIO DA SAUDE","250057 - MS-INTO","00139/2023","12.477.490/0002-81 - LIDER NOTEBOOKS COMERCIO E SERVICOS LTDA","29/03/2023","29/03/2028","R$ 394.800,00","1","R$ 394.800,00"
"36000 - MINISTERIO DA SAUDE","250057 - MS-INTO","00050/2021","04.892.991/0001-15 - TELTEC SOLUTIONS LTDA","01/04/2021","01/04/2025","R$ 777.196,08","12","R$ 64.766,34"
"36000 - MINISTERIO DA SAUDE","250057 - MS-INTO","00058/2022","23.690.341/0001-31 - FABRICADS SOLUCOES EM TECNOLOGIA DA INFORMACAO LTDA","16/03/2022","16/03/2025","R$ 44.840,52","1","R$ 44.840,52"
"36000 - MINISTERIO DA SAUDE","250057 - MS-INTO","00372/2022","09.461.647/0001-95 - SOLUTI - SOLUCOES EM NEGOCIOS INTELIGENTES S/A","25/10/2022","25/10/2025","R$ 32.768,40","1","R$ 32.768,40"
"36000 - MINISTERIO DA SAUDE","250057 - MS-INTO","00093/2021","05.872.814/0003-00 - VOGEL SOLUCOES EM TELECOMUNICACOES E INFORMATICA S.A.","01/06/2021","01/06/2024","R$ 41.175,72","12","R$ 3.431,31"
"36000 - MINISTERIO DA SAUDE","250057 - MS-INTO","00260/2022","27.465.898/0001-20 - J. E. M. ARCHILLA LTDA","29/07/2022","29/07/2027","R$ 100.000,00","1","R$ 100.000,00"
"36000 - MINISTERIO DA SAUDE","257035 - DSEI-MG/ES","00012/2023","30.341.995/0001-15 - INTERPOP TELECOMUNICACOES LTDA","10/03/2023","10/03/2024","R$ 1.176,00","12","R$ 98,00"
"36000 - MINISTERIO DA SAUDE","257035 - DSEI-MG/ES","00073/2023","50.506.800/0001-57 - DOCS CONSULTORIA ESPECIALIZADA LTDA","01/12/2023","01/02/2024","R$ 145,00","1","R$ 145,00"
"36000 - MINISTERIO DA SAUDE","257035 - DSEI-MG/ES","00019/2020","07.346.326/0001-14 - REPROS SOLUCOES EM TECNOLOGIA LTDA","28/02/2020","28/06/2024","R$ 12.851,19","4","R$ 3.212,80"
"36000 - MINISTERIO DA SAUDE","257035 - DSEI-MG/ES","00048/2023","32.240.154/0001-47 - CEL CERTIFICADORA DIGITAL LTDA","16/10/2023","16/12/2023","R$ 308,00","1","R$ 308,00"
"36000 - MINISTERIO DA SAUDE","257035 - DSEI-MG/ES","00024/2024","04.270.051/0001-94 - TOP CENTER TECNOLOGIA LTDA","29/06/2024","29/06/2029","R$ 232.019,40","60","R$ 3.866,99"
"36000 - MINISTERIO DA SAUDE","257034 - DSEI-MARANHAO","00013/2023","23.484.444/0001-45 - 3F LTDA","26/06/2023","26/06/2026","R$ 158.259,00","1","R$ 158.259,00"
"36000 - MINISTERIO DA SAUDE","250013 - SEMS/AL","00005/2023","42.925.322/0001-91 - PRINTPAGE TECNOLOGIA LTDA","06/12/2023","05/12/2027","R$ 26.192,67","1","R$ 26.192,67"
"36000 - MINISTERIO DA SAUDE","250014 - SEMS/AP","00002/2024","12.076.116/0001-93 - M J L COSTA SERVICOS","01/03/2024","01/03/2026","R$ 47.932,20","12","R$ 3.994,35"
"36000 - MINISTERIO DA SAUDE","250016 - SEMS/BA","00001/2021","08.610.363/0002-31 - LOCOPIA COMERCIO DE MAQUINAS E EQUIPAMENTOS LTDA","11/02/2021","11/02/2024","R$ 29.285,16","12","R$ 2.440,43"
"36000 - MINISTERIO DA SAUDE","250017 - SEMS/CE","00003/2024","31.810.764/0001-76 - IP SERVICOS E LOCACOES LTDA","27/03/2024","27/03/2026","R$ 14.697,60","12","R$ 1.224,80"
"36000 - MINISTERIO DA SAUDE","250021 - SEMS/GO","00005/2023","05.506.933/0001-79 - WEBDOC LOCACOES LTDA","02/01/2024","02/01/2026","R$ 83.754,60","12","R$ 6.979,55"
"36000 - MINISTERIO DA SAUDE","250022 - SEMS/MA","00006/2024","29.422.374/0001-87 - FACILID COMERCIO E SERVICOS LTDA","22/04/2024","21/04/2028","R$ 89.640,00","12","R$ 7.470,00"
"36000 - MINISTERIO DA SAUDE","250024 - SEMS/MS","00002/2021","35.688.983/0001-85 - CAMPANULA TECNOLOGIA LTDA","29/03/2021","25/09/2021","R$ 49.180,00","1","R$ 49.180,00"
"36000 - MINISTERIO DA SAUDE","250026 - SEMS/PA","2025NE000012","55.261.686/0001-66 - FORTALEZA COMERCIO E SERVICOS LTDA","10/02/2025","31/12/2025","R$ 400,00","1","R$ 400,00"
"36000 - MINISTERIO DA SAUDE","250029 - SEMS/PE","00004/2022","40.938.508/0001-50 - MAQ-LAREM MAQUINAS MOVEIS E EQUIPAMENTOS LTDA","03/01/2023","03/01/2026","R$ 15.659,28","12","R$ 1.304,94"
"36000 - MINISTERIO DA SAUDE","250030 - SEMS/PI","00002/2023","07.128.744/0001-35 - DUO TELECOM LTDA","14/02/2023","14/02/2026","R$ 19.870,44","12","R$ 1.655,87"
"36000 - MINISTERIO DA SAUDE","250030 - SEMS/PI","00005/2023","14.352.577/0001-77 - INFOART INFORMATICA LTDA","01/06/2023","31/07/2024","R$ 15.976,00","12","R$ 1.331,33"
"36000 - MINISTERIO DA SAUDE","250031 - SEMS/RJ","00021/2023","03.117.534/0001-90 - BRADOK SOLUCOES CORPORATIVAS LTDA","22/11/2023","22/11/2027","R$ 223.776,00","12","R$ 18.648,00"
"36000 - MINISTERIO DA SAUDE","250031 - SEMS/RJ","00006/2022","04.530.781/0001-87 - ZIULEO COPY COMERCIO E SERVICOS LTDA","24/03/2022","20/09/2022","R$ 67.824,00","6","R$ 11.304,00"
"36000 - MINISTERIO DA SAUDE","250033 - SEMS/RS","00003/2023","23.226.948/0001-65 - ALLGED SOLUCOES DE TI LTDA.","24/08/2023","23/08/2024","R$ 108.900,00","12","R$ 9.075,00"
"36000 - MINISTERIO DA SAUDE","250036 - SEMS/SC","00003/2021","40.432.544/0001-47 - CLARO S.A.","01/06/2021","01/06/2026","R$ 13.775,25","30","R$ 459,18"
"36000 - MINISTERIO DA SAUDE","250036 - SEMS/SC","00004/2021","09.554.328/0001-24 - MTS & SH TECNOLOGIA EM IMPRESSAO E COPIA LTDA","03/01/2022","03/01/2026","R$ 191.438,40","1","R$ 191.438,40"
"36000 - MINISTERIO DA SAUDE","250042 - HOSP. DE BONSUCESSO","00013/2017","02.865.909/0001-38 - WORKING PLUS COMERCIO E SERVICOS LTDA","02/08/2017","02/08/2021","R$ 585.600,00","12","R$ 48.800,00"
"36000 - MINISTERIO DA SAUDE","250059 - INC","00033/2022","10.542.126/0001-41 - EPIMED SOLUTIONS TECNOLOGIA DE INFORMACOES MEDICAS S.A.","08/06/2022","08/06/2026","R$ 52.560,00","12","R$ 4.380,00"
"36000 - MINISTERIO DA SAUDE","250059 - INC","00039/2021","91.879.544/0001-20 - MV SISTEMAS LTDA","26/08/2021","26/08/2025","R$ 2.682.108,00","12","R$ 223.509,00"
"36000 - MINISTERIO DA SAUDE","250059 - INC","00023/2023","18.367.537/0001-50 - CONNECT GLOBAL IT SERVICES LTDA","28/04/2023","28/04/2025","R$ 459.594,24","24","R$ 19.149,76"
"36000 - MINISTERIO DA SAUDE","250059 - INC","00013/2019","06.041.168/0001-21 - RIOTRON SERVICO E ASSISTENCIA TECNICA LTDA","01/07/2019","01/09/2024","R$ 67.852,24","2","R$ 33.926,12"
"36000 - MINISTERIO DA SAUDE","250059 - INC","00015/2021","02.421.421/0001-11 - TIM S A","01/06/2021","01/06/2026","R$ 110.605,00","30","R$ 3.686,83"
"36000 - MINISTERIO DA SAUDE","250059 - INC","00037/2023","43.690.572/0001-52 - GLOBALSEC TECNOLOGIA DA INFORMACAO LTDA","07/06/2023","07/06/2025","R$ 9.000,00","12","R$ 750,00"
"36000 - MINISTERIO DA SAUDE","250059 - INC","00028/2024","07.432.517/0001-07 - SIMPRESS COMERCIO LOCACAO E SERVICOS LTDA","12/08/2024","12/08/2028","R$ 978.822,15","48","R$ 20.392,13"
"36000 - MINISTERIO DA SAUDE","250059 - INC","00002/2025","03.017.428/0001-35 - NCT INFORMATICA LTDA","31/01/2025","31/01/2026","R$ 234.348,00","1","R$ 234.348,00"
"36000 - MINISTERIO DA SAUDE","250059 - INC","00012/2024","59.456.277/0001-76 - ORACLE DO BRASIL SISTEMAS LTDA","27/05/2024","27/05/2027","R$ 861.976,80","36","R$ 23.943,80"
"36000 - MINISTERIO DA SAUDE","250059 - INC","00029/2024","06.041.168/0001-21 - RIOTRON SERVICO E ASSISTENCIA TECNICA LTDA","12/08/2024","12/08/2028","R$ 198.520,00","48","R$ 4.135,83"
"36000 - MINISTERIO DA SAUDE","250059 - INC","00027/2021","40.432.544/0001-47 - CLARO S.A.","07/01/2022","07/01/2027","R$ 18.505,05","30","R$ 616,84"
"36000 - MINISTERIO DA SAUDE","250059 - INC","00069/2023","32.578.382/0001-21 - IPNET SERVICOS EM NUVEM E DESENVOLVIMENTO DE SISTEMAS LTDA","06/12/2023","06/12/2026","R$ 1.347.725,00","36","R$ 37.436,81"
"36000 - MINISTERIO DA SAUDE","250059 - INC","00058/2023","26.221.386/0001-55 - DUNAMIS CONSTRUTORA, INCORPORADORA E EQUIPAMENTOS DE INFORMATICA LTDA","18/09/2023","18/12/2023","R$ 63.000,00","1","R$ 63.000,00"
"36000 - MINISTERIO DA SAUDE","250104 - HOSP.CARDOSO FONTES","00003/2024","86.755.667/0001-10 - MEDILAB MANUTENCAO E SISTEMAS LTDA","03/05/2024","03/05/2025","R$ 42.360,00","12","R$ 3.530,00"
"36000 - MINISTERIO DA SAUDE","250104 - HOSP.CARDOSO FONTES","00004/2023","03.117.534/0001-90 - BRADOK SOLUCOES CORPORATIVAS LTDA","23/11/2023","23/11/2025","R$ 647.251,20","12","R$ 53.937,60"
"36000 - MINISTERIO DA SAUDE","250104 - HOSP.CARDOSO FONTES","00003/2021","86.755.667/0001-10 - MEDILAB MANUTENCAO E SISTEMAS LTDA","18/03/2021","17/03/2022","R$ 48.640,01","12","R$ 4.053,33"
"36000 - MINISTERIO DA SAUDE","250105 - HOSPITAL DA LAGOA","00003/2024","86.755.667/0001-10 - MEDILAB MANUTENCAO E SISTEMAS LTDA","06/05/2024","06/05/2029","R$ 217.395,60","60","R$ 3.623,26"
"36000 - MINISTERIO DA SAUDE","257003 - IEC","00084/2025","57.142.978/0001-05 - BRASOFTWARE INFORMATICA LTDA","28/03/2025","28/03/2028","R$ 651.319,81","1","R$ 651.319,81"
"36000 - MINISTERIO DA SAUDE","257003 - IEC","00119/2025","57.142.978/0001-05 - BRASOFTWARE INFORMATICA LTDA","28/03/2025","28/03/2028","R$ 515.165,28","1","R$ 515.165,28"
"36000 - MINISTERIO DA SAUDE","257003 - IEC","00120/2025","57.142.978/0001-05 - BRASOFTWARE INFORMATICA LTDA","28/03/2025","28/03/2028","R$ 947.251,51","1","R$ 947.251,51"
"36000 - MINISTERIO DA SAUDE","257003 - IEC","00250/2024","04.602.789/0001-01 - DATEN TECNOLOGIA LTDA","26/12/2024","26/12/2025","R$ 1.137.495,00","1","R$ 1.137.495,00"
"36000 - MINISTERIO DA SAUDE","257003 - IEC","00002/2025","04.602.789/0001-01 - DATEN TECNOLOGIA LTDA","13/01/2025","12/01/2026","R$ 363.998,40","1","R$ 363.998,40"
"36000 - MINISTERIO DA SAUDE","257003 - IEC","00147/2023","07.223.271/0001-55 - CONNECTA - CONSULTORIA, COMERCIO E SERVICOS DE INFORMATICA LTDA","29/12/2023","29/12/2026","R$ 638.640,00","1","R$ 638.640,00"
"36000 - MINISTERIO DA SAUDE","257003 - IEC","00079/2021","24.376.542/0001-21 - APPROACH TECNOLOGIA LTDA","18/05/2021","18/05/2023","R$ 1.094.400,00","1","R$ 1.094.400,00"
"36000 - MINISTERIO DA SAUDE","257003 - IEC","00243/2021","16.628.132/0001-00 - LICITEC TECNOLOGIA LTDA","29/11/2021","18/04/2022","R$ 38.068,56","1","R$ 38.068,56"
"36000 - MINISTERIO DA SAUDE","257003 - IEC","00158/2022","03.263.975/0001-09 - SYSTECH SISTEMAS E TECNOLOGIA EM INFORMATICA LTDA","08/11/2022","08/11/2023","R$ 701.096,00","1","R$ 701.096,00"
"36000 - MINISTERIO DA SAUDE","257003 - IEC","00213/2024","24.376.542/0001-21 - APPROACH TECNOLOGIA LTDA","30/10/2024","30/10/2027","R$ 1.689.000,00","1","R$ 1.689.000,00"
"36000 - MINISTERIO DA SAUDE","257003 - IEC","00159/2022","07.865.818/0001-16 - INTERSOFT SOLUCOES EM INFORMATICA LTDA","10/11/2022","10/11/2023","R$ 53.700,00","1","R$ 53.700,00"
"36000 - MINISTERIO DA SAUDE","257003 - IEC","00037/2023","49.525.466/0001-08 - OP TECNOLOGIA E SERVICOS LTDA","02/10/2023","02/10/2024","R$ 29.000,00","1","R$ 29.000,00"
"36000 - MINISTERIO DA SAUDE","257028 - DSEI/MEDIO PURUS","00002/2021","05.578.337/0001-02 - NARI EQUIPAMENTOS DE COMUNICACAO LTDA","01/04/2021","01/04/2026","R$ 216.000,00","12","R$ 18.000,00"
"36000 - MINISTERIO DA SAUDE","257028 - DSEI/MEDIO PURUS","00016/2023","15.070.298/0001-83 - VALDICLEIA MEIRELES DOS SANTOS","02/05/2023","02/05/2026","R$ 116.471,10","12","R$ 9.705,93"
"36000 - MINISTERIO DA SAUDE","257039 - DSEI/CUIABA","00005/2024","05.191.550/0002-30 - FACILITA SERVICOS GERAIS LTDA.","23/10/2024","23/10/2025","R$ 99.261,50","1","R$ 99.261,50"
"36000 - MINISTERIO DA SAUDE","257039 - DSEI/CUIABA","00003/2022","08.257.279/0001-03 - MSB COMERCIO E SERVICOS LTDA","14/02/2022","14/02/2026","R$ 53.500,00","1","R$ 53.500,00"
"36000 - MINISTERIO DA SAUDE","257042 - DSEI-ALTAMIRA","00001/2022","08.219.232/0001-47 - MENDEX NETWORKS TELECOMUNICACOES LTDA","22/02/2022","22/02/2026","R$ 132.000,00","12","R$ 11.000,00"
"36000 - MINISTERIO DA SAUDE","257042 - DSEI-ALTAMIRA","00006/2022","07.797.967/0001-95 - NP TECNOLOGIA E GESTAO DE DADOS LTDA","16/11/2022","16/11/2023","R$ 21.730,00","1","R$ 21.730,00"
"36000 - MINISTERIO DA SAUDE","257048 - DSEI/LITORAL SUL","00008/2021","29.517.954/0001-58 - M DE FATIMA DOS SANTOS - INFORMATICA","20/11/2021","20/11/2023","R$ 7.800,00","1","R$ 7.800,00"
"36000 - MINISTERIO DA SAUDE","257050 - DSEI/VILHENA","00010/2022","09.443.451/0001-78 - DUX TELECOM LTDA","04/07/2022","03/07/2025","R$ 70.800,00","1","R$ 70.800,00"
"36000 - MINISTERIO DA SAUDE","257030 - DSEI/PARINTINS","00005/2022","36.460.575/0001-34 - DAM TECNOLOGIA LTDA","11/04/2022","11/04/2023","R$ 45.450,00","12","R$ 3.787,50"
"36000 - MINISTERIO DA SAUDE","257030 - DSEI/PARINTINS","00024/2022","12.698.592/0001-46 - FABIO ANDREY ALVES DOS SANTOS","01/11/2022","01/11/2025","R$ 56.184,98","1","R$ 56.184,98"
"36000 - MINISTERIO DA SAUDE","250110 - SAA-MS","00062/2018","05.205.057/0001-40 - MJP INFORMATICA E SERVICOS LTDA","25/07/2018","25/07/2022","R$ 218.172,57","12","R$ 18.181,05"
"36000 - MINISTERIO DA SAUDE","250110 - SAA-MS","00003/2020","07.171.299/0001-96 - CENTRAL IT TECNOLOGIA DA INFORMACAO S/A","23/01/2020","23/01/2026","R$ 19.217.819,56","12","R$ 1.601.484,96"
"36000 - MINISTERIO DA SAUDE","250110 - SAA-MS","00043/2022","59.456.277/0003-38 - ORACLE DO BRASIL SISTEMAS LTDA","31/05/2022","31/05/2026","R$ 25.590.947,92","1","R$ 25.590.947,92"
"36000 - MINISTERIO DA SAUDE","250110 - SAA-MS","00102/2022","26.025.401/0001-90 - BLUE EYE SOLUCOES EM TECNOLOGIA LTDA","11/11/2022","11/11/2025","R$ 4.691.954,22","1","R$ 4.691.954,22"
"36000 - MINISTERIO DA SAUDE","250110 - SAA-MS","00104/2022","33.683.111/0001-07 - SERVICO FEDERAL DE PROCESSAMENTO DE DADOS (SERPRO)","28/12/2022","28/12/2025","R$ 107.407,94","1","R$ 107.407,94"
"36000 - MINISTERIO DA SAUDE","250110 - SAA-MS","00033/2025","57.142.978/0001-05 - BRASOFTWARE INFORMATICA LTDA","15/04/2025","15/04/2026","R$ 9.093.918,69","1","R$ 9.093.918,69"
"36000 - MINISTERIO DA SAUDE","250110 - SAA-MS","00084/2024","33.683.111/0001-07 - SERVICO FEDERAL DE PROCESSAMENTO DE DADOS (SERPRO)","11/12/2024","11/12/2029","R$ 11.574.577,20","1","R$ 11.574.577,20"
"36000 - MINISTERIO DA SAUDE","250110 - SAA-MS","00087/2017","17.798.866/0001-92 - SNOW SOFTWARE ASSESSORIA E REPRESENTACOES LTDA.","26/12/2017","25/12/2021","R$ 2.024.250,00","1","R$ 2.024.250,00"
"36000 - MINISTERIO DA SAUDE","250110 - SAA-MS","00002/2020","03.143.181/0001-01 - CAST INFORMATICA S/A","27/01/2020","27/01/2026","R$ 1.221.175,68","12","R$ 101.764,64"
"36000 - MINISTERIO DA SAUDE","250110 - SAA-MS","00109/2022","26.025.401/0001-90 - BLUE EYE SOLUCOES EM TECNOLOGIA LTDA","27/12/2022","27/12/2025","R$ 7.450.762,72","1","R$ 7.450.762,72"
"36000 - MINISTERIO DA SAUDE","250110 - SAA-MS","00117/2021","26.025.401/0001-90 - BLUE EYE SOLUCOES EM TECNOLOGIA LTDA","07/12/2021","07/12/2025","R$ 6.268.133,94","1","R$ 6.268.133,94"
"36000 - MINISTERIO DA SAUDE","250110 - SAA-MS","00003/2024","05.761.098/0001-13 - KRYPTUS SEGURANCA DA INFORMACAO S.A.","05/02/2024","05/02/2026","R$ 2.783.647,20","1","R$ 2.783.647,20"
"36000 - MINISTERIO DA SAUDE","250110 - SAA-MS","00052/2022","04.198.254/0001-17 - MCR SISTEMAS E CONSULTORIA LTDA","23/06/2022","23/06/2025","R$ 835.516,66","1","R$ 835.516,66"
"36000 - MINISTERIO DA SAUDE","250110 - SAA-MS","00035/2020","77.166.098/0001-86 - SIGMA DATASERV INFORMATICA S A EM RECUPERACAO JUDICIAL","07/10/2020","07/10/2023","R$ 22.809.600,00","12","R$ 1.900.800,00"
"36000 - MINISTERIO DA SAUDE","250110 - SAA-MS","00048/2016","05.340.845/0001-40 - ZELLO TECNOLOGIA DA INFORMACAO LTDA","22/11/2016","21/11/2021","R$ 997.200,00","12","R$ 88.408,00"
"36000 - MINISTERIO DA SAUDE","250110 - SAA-MS","00108/2022","40.432.544/0001-47 - CLARO S.A.","27/12/2022","27/12/2027","R$ 168.877.167,00","1","R$ 168.877.167,00"
"36000 - MINISTERIO DA SAUDE","250110 - SAA-MS","00017/2021","04.892.991/0001-15 - TELTEC SOLUTIONS LTDA","23/02/2021","23/02/2025","R$ 6.220.049,48","1","R$ 6.220.049,48"
"36000 - MINISTERIO DA SAUDE","250110 - SAA-MS","00064/2020","01.567.165/0001-02 - OS INFORMATICA LTDA","30/12/2020","30/12/2024","R$ 6.359.630,82","1","R$ 6.359.630,82"
"36000 - MINISTERIO DA SAUDE","250110 - SAA-MS","00016/2022","69.112.514/0001-35 - PRIMASOFT INFORMATICA LTDA.","14/02/2022","14/02/2026","R$ 43.968,12","1","R$ 43.968,12"
"36000 - MINISTERIO DA SAUDE","250110 - SAA-MS","00077/2017","04.929.322/0001-70 - LAYER TECNOLOGIA DA INFORMACAO LTDA","06/12/2017","05/12/2022","R$ 16.306,36","12","R$ 1.358,86"
"36000 - MINISTERIO DA SAUDE","250110 - SAA-MS","00014/2019","02.558.157/0001-62 - TELEFONICA BRASIL S.A.","28/06/2019","28/06/2025","R$ 195.893,58","24","R$ 8.162,23"
"36000 - MINISTERIO DA SAUDE","250110 - SAA-MS","00079/2022","08.144.338/0001-29 - VIRTUAL INFRAESTRUTURA E ENERGIA LTDA","13/08/2022","12/08/2025","R$ 1.401.788,76","1","R$ 1.401.788,76"
"36000 - MINISTERIO DA SAUDE","250110 - SAA-MS","00078/2022","03.698.620/0005-68 - GREEN4T SOLUCOES TI LTDA","12/08/2022","12/08/2025","R$ 1.605.489,84","1","R$ 1.605.489,84"
"36000 - MINISTERIO DA SAUDE","250110 - SAA-MS","00040/2020","03.698.620/0005-68 - GREEN4T SOLUCOES TI LTDA","16/11/2020","16/11/2025","R$ 1.543.651,32","12","R$ 128.637,61"
"36000 - MINISTERIO DA SAUDE","250110 - SAA-MS","00086/2021","07.594.862/0001-39 - SOFTWARE AG BRASIL INFORMATICA E SERVICOS LTDA.","14/09/2021","14/09/2025","R$ 103.684,92","12","R$ 8.640,41"
"36000 - MINISTERIO DA SAUDE","250110 - SAA-MS","00041/2017","03.698.620/0001-34 - GREEN4T SOLUCOES TI LTDA","22/06/2017","21/06/2022","R$ 6.100.927,94","1","R$ 6.100.927,94"
"36000 - MINISTERIO DA SAUDE","250110 - SAA-MS","00066/2020","04.892.991/0001-15 - TELTEC SOLUTIONS LTDA","31/12/2020","31/12/2024","R$ 3.433.762,60","1","R$ 3.433.762,60"
"36000 - MINISTERIO DA SAUDE","250110 - SAA-MS","00029/2019","806030 - SERPRO - SEDE - BRASILIA","02/10/2019","02/10/2025","R$ 173.636,88","12","R$ 14.469,74"
"36000 - MINISTERIO DA SAUDE","250110 - SAA-MS","00106/2022","04.198.254/0001-17 - MCR SISTEMAS E CONSULTORIA LTDA","23/12/2022","23/12/2025","R$ 280.960,00","1","R$ 280.960,00"
"36000 - MINISTERIO DA SAUDE","250110 - SAA-MS","00053/2016","05.340.845/0001-40 - ZELLO TECNOLOGIA DA INFORMACAO LTDA","22/12/2016","21/12/2021","R$ 1.939.000,00","12","R$ 164.126,66"
"36000 - MINISTERIO DA SAUDE","250110 - SAA-MS","00057/2016","806030 - SERPRO - SEDE - BRASILIA","30/12/2016","29/12/2021","R$ 241.725,96","1","R$ 241.725,96"
"36000 - MINISTERIO DA SAUDE","250110 - SAA-MS","00032/2017","05.340.845/0001-40 - ZELLO TECNOLOGIA DA INFORMACAO LTDA","02/05/2017","01/11/2022","R$ 5.240.466,00","12","R$ 436.705,50"
"36000 - MINISTERIO DA SAUDE","250110 - SAA-MS","00035/2017","59.456.277/0003-38 - ORACLE DO BRASIL SISTEMAS LTDA","25/05/2017","24/05/2022","R$ 32.164.024,09","12","R$ 2.680.335,34"
"36000 - MINISTERIO DA SAUDE","250110 - SAA-MS","00103/2022","05.340.845/0001-40 - ZELLO TECNOLOGIA DA INFORMACAO LTDA","08/12/2022","07/12/2025","R$ 29.964.605,00","1","R$ 29.964.605,00"
"36000 - MINISTERIO DA SAUDE","250110 - SAA-MS","00059/2017","04.929.322/0001-70 - LAYER TECNOLOGIA DA INFORMACAO LTDA","02/08/2017","01/08/2022","R$ 1.339.316,26","1","R$ 1.339.316,26"
"36000 - MINISTERIO DA SAUDE","250110 - SAA-MS","00079/2017","05.795.607/0001-29 - WISEIT - SISTEMAS E INFORMATICA LTDA","14/12/2017","13/12/2022","R$ 2.026.896,25","12","R$ 168.908,02"
"36000 - MINISTERIO DA SAUDE","250110 - SAA-MS","00080/2017","01.707.536/0001-04 - ISH TECNOLOGIA S/A","14/12/2017","13/12/2021","R$ 1.232.453,31","12","R$ 102.704,44"
"36000 - MINISTERIO DA SAUDE","250110 - SAA-MS","00115/2021","04.602.789/0001-01 - DATEN TECNOLOGIA LTDA","10/12/2021","10/12/2022","R$ 1.240.920,00","1","R$ 1.240.920,00"
"36000 - MINISTERIO DA SAUDE","250110 - SAA-MS","00075/2017","21.538.196/0001-42 - ASPER TECNOLOGIA LTDA","29/11/2017","28/11/2022","R$ 5.967.360,00","12","R$ 497.280,00"
"36000 - MINISTERIO DA SAUDE","250110 - SAA-MS","00122/2021","03.242.841/0001-01 - E-SEC TECNOLOGIA EM SEGURANCA DE DADOS LTDA","29/12/2021","29/12/2025","R$ 68.580,00","1","R$ 68.580,00"
"36000 - MINISTERIO DA SAUDE","250110 - SAA-MS","00052/2023","09.461.647/0001-95 - SOLUTI - SOLUCOES EM NEGOCIOS INTELIGENTES S/A","21/11/2023","21/11/2025","R$ 98.288,98","1","R$ 98.288,98"
"36000 - MINISTERIO DA SAUDE","250110 - SAA-MS","00071/2018","02.434.797/0001-60 - FATTO CONSULTORIA E SISTEMAS LTDA","17/08/2018","18/08/2021","R$ 280.259,64","12","R$ 27.074,34"
"36000 - MINISTERIO DA SAUDE","250110 - SAA-MS","00058/2017","04.530.781/0001-87 - ZIULEO COPY COMERCIO E SERVICOS LTDA","15/08/2017","14/08/2023","R$ 1.218.128,46","1","R$ 1.218.128,46"
"36000 - MINISTERIO DA SAUDE","250110 - SAA-MS","00058/2022","09.053.350/0001-90 - NIVA TECNOLOGIA DA INFORMACAO LTDA","30/06/2022","30/06/2025","R$ 219.940,56","1","R$ 219.940,56"
"36000 - MINISTERIO DA SAUDE","250110 - SAA-MS","00010/2024","06.984.836/0001-54 - INTELIGENCIA DE NEGOCIOS, SISTEMAS E INFORMATICA LTDA.","01/03/2024","01/03/2026","R$ 3.826.335,00","1","R$ 3.826.335,00"
"36000 - MINISTERIO DA SAUDE","250110 - SAA-MS","00025/2020","00.308.141/0009-23 - CONNECTCOM TELEINFORMATICA COMERCIO E SERVICOS LTDA","27/07/2020","27/07/2025","R$ 10.275.378,96","12","R$ 856.281,58"
"36000 - MINISTERIO DA SAUDE","250110 - SAA-MS","00060/2017","04.929.322/0001-70 - LAYER TECNOLOGIA DA INFORMACAO LTDA","03/08/2017","02/08/2021","R$ 667.162,46","12","R$ 55.596,87"
"36000 - MINISTERIO DA SAUDE","250110 - SAA-MS","00110/2021","04.892.991/0001-15 - TELTEC SOLUTIONS LTDA","26/11/2021","26/11/2024","R$ 378.664,26","1","R$ 378.664,26"
"36000 - MINISTERIO DA SAUDE","250110 - SAA-MS","00067/2020","72.381.189/0010-01 - DELL COMPUTADORES DO BRASIL LTDA","31/12/2020","31/12/2021","R$ 131.872.758,00","1","R$ 131.872.758,00"
"36000 - MINISTERIO DA SAUDE","250110 - SAA-MS","00005/2018","94.316.916/0001-07 - LTA-RH INFORMATICA, COMERCIO, REPRESENTACOES LTDA","19/01/2018","18/01/2019","R$ 5.264.400,00","1","R$ 5.264.400,00"
"36000 - MINISTERIO DA SAUDE","250110 - SAA-MS","2024NE000255","04.530.781/0001-87 - ZIULEO COPY COMERCIO E SERVICOS LTDA","09/04/2024","31/12/2024","R$ 203.021,42","1","R$ 203.021,42"
"36000 - MINISTERIO DA SAUDE","250110 - SAA-MS","00030/2021","04.602.789/0001-01 - DATEN TECNOLOGIA LTDA","27/04/2021","27/04/2022","R$ 1.240.920,00","1","R$ 1.240.920,00"
"36000 - MINISTERIO DA SAUDE","250110 - SAA-MS","00112/2021","72.381.189/0010-01 - DELL COMPUTADORES DO BRASIL LTDA","06/12/2021","06/12/2022","R$ 3.533.000,00","1","R$ 3.533.000,00"
"36000 - MINISTERIO DA SAUDE","250110 - SAA-MS","00084/2022","40.432.544/0001-47 - CLARO S.A.","26/08/2022","22/02/2023","R$ 23.403.948,24","1","R$ 23.403.948,24"
"36000 - MINISTERIO DA SAUDE","250110 - SAA-MS","00113/2021","72.381.189/0010-01 - DELL COMPUTADORES DO BRASIL LTDA","06/12/2021","06/12/2022","R$ 3.999.356,00","1","R$ 3.999.356,00"
"36000 - MINISTERIO DA SAUDE","250110 - SAA-MS","00114/2021","72.381.189/0010-01 - DELL COMPUTADORES DO BRASIL LTDA","06/12/2021","06/12/2022","R$ 6.712.700,00","1","R$ 6.712.700,00"
"36000 - MINISTERIO DA SAUDE","250110 - SAA-MS","00035/2022","07.157.915/0001-54 - ACC BRASIL INDUSTRIA E COMERCIO DE COMPUTADORES LTDA","29/04/2022","29/04/2023","R$ 26.999.859,00","1","R$ 26.999.859,00"
"36000 - MINISTERIO DA SAUDE","250110 - SAA-MS","00086/2024","04.602.789/0001-01 - DATEN TECNOLOGIA LTDA","10/12/2024","10/12/2025","R$ 782.596,56","1","R$ 782.596,56"
"36000 - MINISTERIO DA SAUDE","250110 - SAA-MS","00040/2019","669702290 - CLARO NXT TELECOMUNICAÇÕES LTDA .","16/12/2019","16/06/2022","R$ 14.376.790,20","30","R$ 479.226,34"
"36000 - MINISTERIO DA SAUDE","250110 - SAA-MS","00110/2022","15.457.043/0001-78 - ADISTEC BRASIL INFORMATICA LTDA","27/12/2022","27/12/2025","R$ 725.852,40","1","R$ 725.852,40"
"36000 - MINISTERIO DA SAUDE","250110 - SAA-MS","00126/2021","07.797.967/0001-95 - NP TECNOLOGIA E GESTAO DE DADOS LTDA","30/12/2021","30/12/2023","R$ 59.250,00","1","R$ 59.250,00"
"36000 - MINISTERIO DA SAUDE","250110 - SAA-MS","00051/2018","11.185.325/0001-02 - TAREA GERENCIAMENTO LTDA","04/06/2018","04/06/2023","R$ 18.843.300,00","12","R$ 1.570.275,00"
"36000 - MINISTERIO DA SAUDE","250110 - SAA-MS","00022/2022","03.017.428/0001-35 - NCT INFORMATICA LTDA","25/02/2022","25/02/2025","R$ 1.129.000,00","1","R$ 1.129.000,00"
"36000 - MINISTERIO DA SAUDE","250110 - SAA-MS","00032/2021","08.689.089/0001-57 - TOCCATO TECNOLOGIA EM SISTEMAS LTDA","29/04/2021","29/04/2024","R$ 299.000,00","1","R$ 299.000,00"
"36000 - MINISTERIO DA SAUDE","250110 - SAA-MS","00016/2019","02.434.797/0001-60 - FATTO CONSULTORIA E SISTEMAS LTDA","17/07/2019","17/07/2024","R$ 1.005.480,00","12","R$ 83.790,00"
"36000 - MINISTERIO DA SAUDE","250110 - SAA-MS","00088/2017","01.707.536/0001-04 - ISH TECNOLOGIA S/A","26/12/2017","25/12/2023","R$ 12.453.416,72","12","R$ 1.037.784,73"
"36000 - MINISTERIO DA SAUDE","250110 - SAA-MS","00039/2019","05.399.623/0001-00 - FOKUS INFORMATICA E MICROFILMAGEM LTDA","04/12/2019","04/12/2021","R$ 978.709,38","12","R$ 81.559,11"
"36000 - MINISTERIO DA SAUDE","250110 - SAA-MS","00031/2021","59.456.277/0003-38 - ORACLE DO BRASIL SISTEMAS LTDA","23/04/2021","23/04/2025","R$ 66.383.636,38","1","R$ 66.383.636,38"
"36000 - MINISTERIO DA SAUDE","250110 - SAA-MS","00053/2023","04.929.322/0001-70 - LAYER TECNOLOGIA DA INFORMACAO LTDA","06/12/2023","06/12/2024","R$ 8.628.948,00","1","R$ 8.628.948,00"
"36000 - MINISTERIO DA SAUDE","250110 - SAA-MS","00040/2019","40.432.544/0001-47 - CLARO S.A.","16/12/2019","16/12/2024","R$ 22.082.567,05","1","R$ 22.082.567,05"
"36000 - MINISTERIO DA SAUDE","250110 - SAA-MS","00116/2021","14.139.773/0001-68 - EXTREME DIGITAL CONSULTORIA E REPRESENTACOES LTDA","06/12/2021","06/12/2023","R$ 2.192.566,80","1","R$ 2.192.566,80"
"36000 - MINISTERIO DA SAUDE","250110 - SAA-MS","00104/2018","02.558.157/0001-62 - TELEFONICA BRASIL S.A.","01/12/2018","01/12/2024","R$ 241.644,36","24","R$ 10.068,52"
"36000 - MINISTERIO DA SAUDE","250110 - SAA-MS","00014/2021","11.735.236/0001-92 - OBJECTTI SOLUCOES LTDA","12/02/2021","12/02/2022","R$ 36.016,50","1","R$ 36.016,50"
"36000 - MINISTERIO DA SAUDE","257037 - DSEI-ARAGUAIA","00015/2021","20.402.177/0001-21 - JABES ANTONIO DA SILVA","05/10/2021","06/10/2025","R$ 34.800,00","10","R$ 3.480,00"
"36000 - MINISTERIO DA SAUDE","250052 - INCA/RJ","00067/2021","07.432.517/0001-07 - SIMPRESS COMERCIO LOCACAO E SERVICOS LTDA","05/11/2021","04/11/2025","R$ 4.123.538,55","1","R$ 4.123.538,55"
"36000 - MINISTERIO DA SAUDE","250052 - INCA/RJ","00024/2024","22.760.852/0001-10 - GSF SOLUCOES TECNOLOGICAS LTDA","08/02/2024","08/02/2026","R$ 31.263,44","1","R$ 31.263,44"
"36000 - MINISTERIO DA SAUDE","250052 - INCA/RJ","00124/2022","29.366.523/0001-38 - SOFIS INFORMATICA LTDA","19/10/2022","19/10/2025","R$ 340.042,20","12","R$ 28.336,85"
"36000 - MINISTERIO DA SAUDE","250052 - INCA/RJ","00158/2021","66.582.784/0001-11 - MAPDATA-TECNOLOGIA,INFORMATICA E COMERCIO LTDA","11/11/2021","08/02/2022","R$ 13.518,00","1","R$ 13.518,00"
"36000 - MINISTERIO DA SAUDE","250052 - INCA/RJ","00017/2021","10.438.400/0001-37 - RWF INFORMATICA LTDA","28/01/2021","27/01/2022","R$ 321.100,00","1","R$ 321.100,00"
"36000 - MINISTERIO DA SAUDE","250052 - INCA/RJ","00103/2022","03.535.902/0001-10 - DECISION SERVICOS DE TECNOLOGIA DA INFORMACAO LTDA","24/08/2022","24/08/2025","R$ 840.000,00","1","R$ 840.000,00"
"36000 - MINISTERIO DA SAUDE","250052 - INCA/RJ","00014/2022","58.295.213/0021-11 - PHILIPS MEDICAL SYSTEMS LTDA","10/02/2022","09/02/2026","R$ 393.350,21","12","R$ 32.779,18"
"36000 - MINISTERIO DA SAUDE","250052 - INCA/RJ","00157/2021","66.582.784/0001-11 - MAPDATA-TECNOLOGIA,INFORMATICA E COMERCIO LTDA","11/11/2021","10/11/2024","R$ 208.500,00","1","R$ 208.500,00"
"36000 - MINISTERIO DA SAUDE","250052 - INCA/RJ","00091/2023","32.578.382/0001-21 - IPNET SERVICOS EM NUVEM E DESENVOLVIMENTO DE SISTEMAS LTDA","28/06/2023","28/06/2026","R$ 4.812.575,00","1","R$ 4.812.575,00"
"36000 - MINISTERIO DA SAUDE","250052 - INCA/RJ","00013/2024","09.162.855/0005-17 - PTLS SERVICOS DE TECNOLOGIA E ASSESSORIA TECNICA LTDA","10/01/2024","10/01/2027","R$ 2.799.163,84","1","R$ 2.799.163,84"