"Órgão","Unidade Gestora","Número Contrato","Fornecedor","Vig. Início","Vig. Fim","Valor Global","Núm. Parcelas","Valor Parcela"
"52000 - MINISTERIO DA DEFESA","112408 - HFA","00029/2021","02.543.216/0011-09 - PERFIL COMPUTACIONAL LTDA","24/11/2021","24/11/2022","R$ 3.051.289,00","1","R$ 3.051.289,00"
"52000 - MINISTERIO DA DEFESA","112408 - HFA","00037/2021","73.514.382/0001-45 - 2R DATATEL TELEINFORMATICA LTDA","10/01/2022","10/01/2023","R$ 1.682.250,00","1","R$ 1.682.250,00"
"52000 - MINISTERIO DA DEFESA","112408 - HFA","00016/2023","73.514.382/0001-45 - 2R DATATEL TELEINFORMATICA LTDA","19/12/2023","20/12/2026","R$ 2.867.400,00","1","R$ 2.867.400,00"
"52000 - MINISTERIO DA DEFESA","112408 - HFA","00019/2022","03.716.680/0001-32 - LAURO RENATO ROCHA LIMA","11/11/2022","11/11/2025","R$ 55.700,00","1","R$ 55.700,00"
"52000 - MINISTERIO DA DEFESA","112408 - HFA","00020/2022","04.198.254/0001-17 - MCR SISTEMAS E CONSULTORIA LTDA","11/11/2022","11/11/2025","R$ 186.587,11","1","R$ 186.587,11"
"52000 - MINISTERIO DA DEFESA","112408 - HFA","00001/2023","01.181.242/0003-53 - COMPWIRE INFORMATICA LTDA","06/02/2023","06/02/2024","R$ 3.349.052,00","1","R$ 3.349.052,00"
"52000 - MINISTERIO DA DEFESA","112408 - HFA","00013/2024","91.879.544/0001-20 - MV SISTEMAS LTDA","01/08/2024","01/08/2025","R$ 54.000,00","12","R$ 4.500,00"
"52000 - MINISTERIO DA DEFESA","112408 - HFA","00021/2022","33.216.487/0001-01 - 2SP COMERCIO DE ELETRONICOS LTDA","11/11/2022","11/11/2025","R$ 150.000,00","1","R$ 150.000,00"
"52000 - MINISTERIO DA DEFESA","110798 - ESD","00008/2023","02.423.535/0001-09 - BLOCKBIT TECNOLOGIA LTDA","06/07/2023","05/07/2025","R$ 80.000,00","1","R$ 80.000,00"
"52000 - MINISTERIO DA DEFESA","110511 - CENSIPAM","00090/2022","04.198.254/0001-17 - MCR SISTEMAS E CONSULTORIA LTDA","30/12/2022","30/12/2025","R$ 28.310,00","1","R$ 28.310,00"
"52000 - MINISTERIO DA DEFESA","110511 - CENSIPAM","00126/2024","10.780.600/0001-73 - DUALBASE TECNOLOGIA ELETRONICA LTDA","26/11/2024","26/11/2025","R$ 469.368,00","1","R$ 469.368,00"
"52000 - MINISTERIO DA DEFESA","110511 - CENSIPAM","00140/2024","10.780.600/0001-73 - DUALBASE TECNOLOGIA ELETRONICA LTDA","13/12/2024","13/12/2025","R$ 498.703,50","1","R$ 498.703,50"
"52000 - MINISTERIO DA DEFESA","110402 - ESG","00006/2021","07.072.386/0001-96 - WORLD PARTNERS SOLUCOES EM INFORMATICA LTDA","25/10/2021","24/10/2025","R$ 35.900,00","1","R$ 35.900,00"
"52000 - MINISTERIO DA DEFESA","110402 - ESG","00003/2021","02.423.535/0001-09 - BLOCKBIT TECNOLOGIA LTDA","01/06/2021","31/05/2024","R$ 64.000,00","1","R$ 64.000,00"
"52000 - MINISTERIO DA DEFESA","110794 - OPERACAO ACOLHIDA","00031/2024","18.311.497/0001-24 - AMAZONIA TELECOMUNICACOES LTDA","28/10/2024","28/10/2025","R$ 393.600,00","1","R$ 393.600,00"
"52000 - MINISTERIO DA DEFESA","110794 - OPERACAO ACOLHIDA","00009/2024","51.118.112/0001-82 - PEDROSO NEGOCIOS GOVERNAMENTAIS PRODUTOS E SERVICOS LTDA","20/02/2024","20/02/2025","R$ 143.739,08","1","R$ 143.739,08"
"52000 - MINISTERIO DA DEFESA","110404 - DEADI-MD","00037/2020","57.142.978/0001-05 - BRASOFTWARE INFORMATICA LTDA","22/12/2020","22/12/2024","R$ 3.890.237,63","1","R$ 3.890.237,63"
"52000 - MINISTERIO DA DEFESA","110404 - DEADI-MD","00127/2024","03.670.489/0001-05 - PRO DEAL PLANEJAMENTO E GESTAO DE NEGOCIOS SS LTDA","10/12/2024","10/12/2025","R$ 584.102,16","1","R$ 584.102,16"
"52000 - MINISTERIO DA DEFESA","110404 - DEADI-MD","00069/2024","07.648.642/0001-40 - COPERSON SERVICOS E COMERCIO DE PRODUTOS DE INFORMATICA E SEGURANCA LTDA","25/09/2024","25/09/2025","R$ 154.060,00","1","R$ 154.060,00"
"52000 - MINISTERIO DA DEFESA","110404 - DEADI-MD","00078/2024","04.947.601/0001-67 - RESOURCE TECNOLOGIA E INFORMATICA LTDA.","25/11/2024","25/11/2025","R$ 6.145.155,02","1","R$ 6.145.155,02"
"52000 - MINISTERIO DA DEFESA","110404 - DEADI-MD","00006/2021","05.761.098/0001-13 - KRYPTUS SEGURANCA DA INFORMACAO S.A.","08/02/2021","08/08/2025","R$ 328.000,02","1","R$ 328.000,02"
"52000 - MINISTERIO DA DEFESA","110404 - DEADI-MD","00123/2024","04.198.254/0001-17 - MCR SISTEMAS E CONSULTORIA LTDA","29/11/2024","29/11/2027","R$ 248.181,26","1","R$ 248.181,26"
"52000 - MINISTERIO DA DEFESA","110404 - DEADI-MD","00024/2022","04.198.254/0001-17 - MCR SISTEMAS E CONSULTORIA LTDA","15/12/2022","15/12/2025","R$ 105.360,00","1","R$ 105.360,00"
"52000 - MINISTERIO DA DEFESA","110404 - DEADI-MD","00006/2025","04.095.869/0001-18 - NETMAKE SOLUCOES EM INFORMATICA LTDA","17/03/2025","17/03/2028","R$ 105.300,00","1","R$ 105.300,00"
"52000 - MINISTERIO DA DEFESA","110404 - DEADI-MD","00005/2025","57.142.978/0001-05 - BRASOFTWARE INFORMATICA LTDA","20/03/2025","20/03/2028","R$ 14.066.581,85","3","R$ 4.688.860,62"
"52000 - MINISTERIO DA DEFESA","110404 - DEADI-MD","00129/2024","57.142.978/0001-05 - BRASOFTWARE INFORMATICA LTDA","30/12/2024","30/12/2025","R$ 209.986,00","1","R$ 209.986,00"
"52000 - MINISTERIO DA DEFESA","110404 - DEADI-MD","00121/2024","00.336.701/0001-04 - TELECOMUNICACOES BRASILEIRAS SA TELEBRAS","05/12/2024","05/12/2029","R$ 237.510,60","1","R$ 237.510,60"
"52000 - MINISTERIO DA DEFESA","110404 - DEADI-MD","00017/2022","10.647.012/0001-66 - FAST SECURITY TECNOLOGIA DA INFORMACAO LTDA","30/09/2022","07/11/2025","R$ 7.682.349,00","1","R$ 7.682.349,00"
"52000 - MINISTERIO DA DEFESA","110404 - DEADI-MD","00032/2020","04.095.869/0001-18 - NETMAKE SOLUCOES EM INFORMATICA LTDA","23/11/2020","23/11/2024","R$ 32.588,79","1","R$ 32.588,79"