"Órgão","Unidade Gestora","Número Contrato","Fornecedor","Vig. Início","Vig. Fim","Valor Global","Núm. Parcelas","Valor Parcela"
"42000 - MINISTERIO DA CULTURA","420001 - SPOA/SE/MINC","00021/2024","76.659.820/0046-53 - ASSOCIACAO PARANAENSE DE CULTURA - APC","16/10/2024","16/10/2025","R$ 23.400,00","1","R$ 23.400,00"
"42000 - MINISTERIO DA CULTURA","420001 - SPOA/SE/MINC","00017/2024","02.558.157/0135-74 - TELEFONICA BRASIL S.A.","02/08/2024","02/08/2025","R$ 3.419.965,80","1","R$ 3.419.965,80"
"42000 - MINISTERIO DA CULTURA","420001 - SPOA/SE/MINC","00001/2023","33.683.111/0001-07 - SERVICO FEDERAL DE PROCESSAMENTO DE DADOS (SERPRO)","19/05/2023","19/05/2026","R$ 855.387,84","1","R$ 855.387,84"
"42000 - MINISTERIO DA CULTURA","420001 - SPOA/SE/MINC","00008/2023","58.619.404/0008-14 - CONVERGINT COMERCIO E SERVICOS DE TECNOLOGIA LTDA","23/05/2023","23/05/2024","R$ 2.241.220,80","1","R$ 2.241.220,80"
"42000 - MINISTERIO DA CULTURA","420001 - SPOA/SE/MINC","00030/2022","09.461.647/0001-95 - SOLUTI - SOLUCOES EM NEGOCIOS INTELIGENTES S/A","20/10/2022","20/10/2023","R$ 911,40","1","R$ 911,40"
"42000 - MINISTERIO DA CULTURA","420001 - SPOA/SE/MINC","00031/2024","04.947.601/0001-67 - RESOURCE TECNOLOGIA E INFORMATICA LTDA.","14/11/2024","14/11/2025","R$ 425.523,84","1","R$ 425.523,84"
"42000 - MINISTERIO DA CULTURA","420001 - SPOA/SE/MINC","00028/2024","50.420.622/0001-47 - WISEPATH TECNOLOGIA LTDA","14/10/2024","14/10/2025","R$ 1.600.000,00","1","R$ 1.600.000,00"
"42000 - MINISTERIO DA CULTURA","420001 - SPOA/SE/MINC","00022/2022","33.683.111/0001-07 - SERVICO FEDERAL DE PROCESSAMENTO DE DADOS (SERPRO)","05/09/2022","05/09/2023","R$ 1.254,00","1","R$ 1.254,00"
"42000 - MINISTERIO DA CULTURA","420001 - SPOA/SE/MINC","00041/2024","23.247.377/0001-45 - DMK3 TECNOLOGIA LTDA","27/12/2024","27/12/2027","R$ 1.396.484,25","1","R$ 1.396.484,25"
"42000 - MINISTERIO DA CULTURA","420001 - SPOA/SE/MINC","00021/2022","24.752.571/0001-40 - GMO GLOBALSIGN SOLUCOES EM TECNOLOGIA S/A","27/07/2022","27/07/2025","R$ 1.058,00","1","R$ 1.058,00"
"42000 - MINISTERIO DA CULTURA","420020 - STII/SGE/SE/MINC","00030/2023","50.420.622/0001-47 - WISEPATH TECNOLOGIA LTDA","29/12/2023","29/12/2024","R$ 668.000,00","1","R$ 668.000,00"
"42000 - MINISTERIO DA CULTURA","420020 - STII/SGE/SE/MINC","00029/2024","36.765.378/0001-23 - MEMORA PROCESSOS INOVADORES S.A.","22/10/2024","22/10/2025","R$ 5.024.269,92","1","R$ 5.024.269,92"
"42000 - MINISTERIO DA CULTURA","420020 - STII/SGE/SE/MINC","00029/2022","33.683.111/0001-07 - SERVICO FEDERAL DE PROCESSAMENTO DE DADOS (SERPRO)","17/10/2022","17/10/2025","R$ 9.625,70","1","R$ 9.625,70"
"42000 - MINISTERIO DA CULTURA","420020 - STII/SGE/SE/MINC","90014/2023","09.053.350/0001-90 - NIVA TECNOLOGIA DA INFORMACAO LTDA","26/12/2023","26/12/2025","R$ 250.097,40","1","R$ 250.097,40"
"42000 - MINISTERIO DA CULTURA","420020 - STII/SGE/SE/MINC","00040/2022","07.171.299/0001-96 - CENTRAL IT TECNOLOGIA DA INFORMACAO S/A","09/12/2022","09/12/2025","R$ 5.199.965,55","12","R$ 433.330,46"
"42000 - MINISTERIO DA CULTURA","420020 - STII/SGE/SE/MINC","00030/2019","11.777.162/0001-57 - BASIS TECNOLOGIA DA INFORMACAO S.A.","27/12/2019","26/12/2024","R$ 6.189.340,08","1","R$ 6.189.340,08"
"42000 - MINISTERIO DA CULTURA","420020 - STII/SGE/SE/MINC","00036/2024","20.022.974/0001-83 - NORDEN TECNOLOGIA LTDA","29/11/2024","29/11/2027","R$ 1.009.500,00","1","R$ 1.009.500,00"
"42000 - MINISTERIO DA CULTURA","420020 - STII/SGE/SE/MINC","00042/2022","04.198.254/0001-17 - MCR SISTEMAS E CONSULTORIA LTDA","22/12/2022","22/12/2025","R$ 230.480,00","1","R$ 230.480,00"
"42000 - MINISTERIO DA CULTURA","420020 - STII/SGE/SE/MINC","00040/2024","36.177.677/0001-47 - GMX2 TECNOLOGIA COMERCIO E SERVICOS DE INFORMATICA LTDA","27/12/2024","27/12/2027","R$ 4.149.000,00","1","R$ 4.149.000,00"
"42000 - MINISTERIO DA CULTURA","420020 - STII/SGE/SE/MINC","00010/2024","20.022.974/0001-83 - NORDEN TECNOLOGIA LTDA","17/04/2024","17/04/2027","R$ 5.466.000,00","1","R$ 5.466.000,00"
"42000 - MINISTERIO DA CULTURA","420020 - STII/SGE/SE/MINC","00029/2023","24.425.034/0001-96 - JAMC CONSULTORIA E REPRESENTACAO DE SOFTWARE LTDA","29/12/2023","29/12/2024","R$ 1.735.900,00","1","R$ 1.735.900,00"
"42000 - MINISTERIO DA CULTURA","420020 - STII/SGE/SE/MINC","00031/2023","50.420.622/0001-47 - WISEPATH TECNOLOGIA LTDA","29/12/2023","29/12/2024","R$ 3.296.000,00","1","R$ 3.296.000,00"
"42000 - MINISTERIO DA CULTURA","420020 - STII/SGE/SE/MINC","00014/2024","24.425.034/0001-96 - JAMC CONSULTORIA E REPRESENTACAO DE SOFTWARE LTDA","23/05/2024","23/05/2025","R$ 4.767.500,00","1","R$ 4.767.500,00"
"42000 - MINISTERIO DA CULTURA","540022 - SEFIC - CONTRATOS","00042/2022","04.198.254/0001-17 - MCR SISTEMAS E CONSULTORIA LTDA","22/12/2022","22/12/2025","R$ 230.480,00","1","R$ 230.480,00"