"Órgão","Unidade Gestora","Número Contrato","Fornecedor","Vig. Início","Vig. Fim","Valor Global","Núm. Parcelas","Valor Parcela"
"53000 - MINIST. DA INTEGR. E DO DESENVOLV. REGIONA","530001 - MIDR/ADM.GERAL","00004/2025","67.393.181/0001-34 - IMAGEM GEOSISTEMAS E COMERCIO LTDA","22/04/2025","22/04/2026","R$ 2.107.203,00","1","R$ 2.107.203,00"
"53000 - MINIST. DA INTEGR. E DO DESENVOLV. REGIONA","530001 - MIDR/ADM.GERAL","00030/2024","01.645.738/0021-12 - INDRA BRASIL SOLUCOES E SERVICOS TECNOLOGICOS LTDA","02/08/2024","02/08/2025","R$ 5.243.372,72","1","R$ 5.243.372,72"
"53000 - MINIST. DA INTEGR. E DO DESENVOLV. REGIONA","530001 - MIDR/ADM.GERAL","00023/2021","07.432.517/0001-07 - SIMPRESS COMERCIO LOCACAO E SERVICOS LTDA","06/05/2021","06/05/2026","R$ 467.742,21","12","R$ 38.978,52"
"53000 - MINIST. DA INTEGR. E DO DESENVOLV. REGIONA","530001 - MIDR/ADM.GERAL","00006/2025","04.929.322/0001-70 - LAYER TECNOLOGIA DA INFORMACAO LTDA","30/04/2025","30/04/2026","R$ 8.448.000,00","1","R$ 8.448.000,00"
"53000 - MINIST. DA INTEGR. E DO DESENVOLV. REGIONA","530001 - MIDR/ADM.GERAL","00043/2022","04.198.254/0001-17 - MCR SISTEMAS E CONSULTORIA LTDA","27/12/2022","27/12/2025","R$ 79.716,00","1","R$ 79.716,00"
"53000 - MINIST. DA INTEGR. E DO DESENVOLV. REGIONA","530001 - MIDR/ADM.GERAL","00032/2020","33.683.111/0001-07 - SERVICO FEDERAL DE PROCESSAMENTO DE DADOS (SERPRO)","18/12/2020","18/12/2025","R$ 1.497.765,24","12","R$ 124.813,77"
"53000 - MINIST. DA INTEGR. E DO DESENVOLV. REGIONA","530001 - MIDR/ADM.GERAL","00002/2024","19.877.285/0002-52 - LANLINK SOLUCOES E COMERCIALIZACAO EM INFORMATICA S/A","12/03/2024","12/03/2027","R$ 11.934.797,52","36","R$ 331.522,15"
"53000 - MINIST. DA INTEGR. E DO DESENVOLV. REGIONA","530001 - MIDR/ADM.GERAL","00041/2024","26.025.401/0001-90 - BLUE EYE SOLUCOES EM TECNOLOGIA LTDA","02/12/2024","02/12/2025","R$ 1.599.960,00","1","R$ 1.599.960,00"
"53000 - MINIST. DA INTEGR. E DO DESENVOLV. REGIONA","530001 - MIDR/ADM.GERAL","00002/2022","01.011.976/0001-22 - ORION ENGENHARIA E TECNOLOGIA S/A","06/01/2022","06/01/2026","R$ 1.463.694,00","12","R$ 121.974,50"
"53000 - MINIST. DA INTEGR. E DO DESENVOLV. REGIONA","530001 - MIDR/ADM.GERAL","00042/2022","33.683.111/0001-07 - SERVICO FEDERAL DE PROCESSAMENTO DE DADOS (SERPRO)","26/12/2022","26/12/2025","R$ 8.972,76","12","R$ 747,73"
"53000 - MINIST. DA INTEGR. E DO DESENVOLV. REGIONA","530001 - MIDR/ADM.GERAL","00027/2020","24.904.526/0001-64 - TELEMIKRO TELECOMUNICACOES INFORMATICA E MICROELETRONICA LTDA","15/10/2020","15/10/2025","R$ 418.055,98","30","R$ 13.935,20"
"53000 - MINIST. DA INTEGR. E DO DESENVOLV. REGIONA","530001 - MIDR/ADM.GERAL","00006/2022","21.547.011/0001-66 - ALLTECH - SOLUCOES EM TECNOLOGIA LTDA","01/02/2022","01/02/2026","R$ 2.323.823,15","12","R$ 193.651,93"
"53000 - MINIST. DA INTEGR. E DO DESENVOLV. REGIONA","530001 - MIDR/ADM.GERAL","00019/2020","03.627.226/0001-05 - DSS SERVICOS DE TECNOLOGIA DA INFORMACAO LTDA EM RECUPERACAO JUDICIAL","10/06/2020","10/06/2025","R$ 3.545.126,16","12","R$ 295.427,18"
"53000 - MINIST. DA INTEGR. E DO DESENVOLV. REGIONA","530001 - MIDR/ADM.GERAL","00003/2024","00.336.701/0001-04 - TELECOMUNICACOES BRASILEIRAS SA TELEBRAS","28/03/2024","28/03/2029","R$ 1.823.400,00","60","R$ 30.390,00"
"53000 - MINIST. DA INTEGR. E DO DESENVOLV. REGIONA","530001 - MIDR/ADM.GERAL","00018/2023","33.683.111/0001-07 - SERVICO FEDERAL DE PROCESSAMENTO DE DADOS (SERPRO)","14/11/2023","14/11/2025","R$ 64.492,47","1","R$ 64.492,47"
"53000 - MINIST. DA INTEGR. E DO DESENVOLV. REGIONA","530001 - MIDR/ADM.GERAL","00049/2024","03.619.767/0005-15 - TORINO INFORMATICA LTDA..","31/12/2024","31/12/2029","R$ 2.214.800,00","1","R$ 2.214.800,00"
"53000 - MINIST. DA INTEGR. E DO DESENVOLV. REGIONA","530001 - MIDR/ADM.GERAL","00004/2024","67.393.181/0001-34 - IMAGEM GEOSISTEMAS E COMERCIO LTDA","27/03/2024","27/03/2025","R$ 2.963.596,66","1","R$ 2.963.596,66"
"53000 - MINIST. DA INTEGR. E DO DESENVOLV. REGIONA","530001 - MIDR/ADM.GERAL","00003/2019","31.460.582/0001-12 - CONSORCIO MPOG STFC E SMP PE-01/2018","26/03/2019","25/03/2025","R$ 100.714,93","12","R$ 8.392,91"
"53000 - MINIST. DA INTEGR. E DO DESENVOLV. REGIONA","530001 - MIDR/ADM.GERAL","00061/2021","77.166.098/0001-86 - SIGMA DATASERV INFORMATICA S A EM RECUPERACAO JUDICIAL","17/12/2021","17/12/2024","R$ 3.705.000,00","12","R$ 308.750,00"
"53000 - MINIST. DA INTEGR. E DO DESENVOLV. REGIONA","530001 - MIDR/ADM.GERAL","00031/2022","58.619.404/0008-14 - CONVERGINT COMERCIO E SERVICOS DE TECNOLOGIA LTDA","16/09/2022","16/09/2025","R$ 7.409.484,00","36","R$ 205.819,00"
"53000 - MINIST. DA INTEGR. E DO DESENVOLV. REGIONA","530001 - MIDR/ADM.GERAL","00036/2022","04.198.254/0001-17 - MCR SISTEMAS E CONSULTORIA LTDA","28/11/2022","28/11/2025","R$ 611.600,00","1","R$ 611.600,00"
"53000 - MINIST. DA INTEGR. E DO DESENVOLV. REGIONA","530001 - MIDR/ADM.GERAL","00055/2021","11.185.325/0001-02 - TAREA GERENCIAMENTO LTDA","04/11/2021","04/11/2025","R$ 3.115.248,18","12","R$ 259.604,02"
"53000 - MINIST. DA INTEGR. E DO DESENVOLV. REGIONA","530001 - MIDR/ADM.GERAL","00037/2022","05.673.799/0001-09 - PPN TECNOLOGIA E INFORMATICA LTDA","28/11/2022","28/11/2025","R$ 1.448.744,00","1","R$ 1.448.744,00"