"Órgão","Unidade Gestora","Número Contrato","Fornecedor","Vig. Início","Vig. Fim","Valor Global","Núm. Parcelas","Valor Parcela"
"30000 - MINISTERIO DA JUSTICA E SEGURANCA PUBLICA","200247 - ARQUIVO NACIONAL","00001/2021","00.308.141/0001-76 - CONNECTCOM TELEINFORMATICA COMERCIO E SERVICOS LTDA","09/04/2021","09/04/2026","R$ 1.663.672,92","12","R$ 138.639,41"
"30000 - MINISTERIO DA JUSTICA E SEGURANCA PUBLICA","200005 - CGL/MJ","00001/2024","23.031.618/0001-14 - DAT SOLUCOES EM TECNOLOGIA LTDA","15/01/2024","15/01/2026","R$ 199.976,29","1","R$ 199.976,29"
"30000 - MINISTERIO DA JUSTICA E SEGURANCA PUBLICA","200247 - ARQUIVO NACIONAL","00002/2025","73.514.382/0001-45 - 2R DATATEL TELEINFORMATICA LTDA","08/01/2025","08/01/2028","R$ 1.658.900,00","1","R$ 1.658.900,00"
"30000 - MINISTERIO DA JUSTICA E SEGURANCA PUBLICA","200247 - ARQUIVO NACIONAL","00003/2022","10.864.910/0001-76 - ADD VALUE PARTICIPACOES, COMERCIO E SERVICOS DE INFORMATICA LTDA.","25/05/2022","25/05/2024","R$ 18.547,70","1","R$ 18.547,70"
"30000 - MINISTERIO DA JUSTICA E SEGURANCA PUBLICA","200247 - ARQUIVO NACIONAL","00003/2023","00.258.246/0001-68 - SOLO NETWORK BRASIL S.A.","24/02/2023","24/02/2024","R$ 126.108,84","1","R$ 126.108,84"
"30000 - MINISTERIO DA JUSTICA E SEGURANCA PUBLICA","200247 - ARQUIVO NACIONAL","00003/2024","03.535.902/0005-44 - DECISION SERVICOS DE TECNOLOGIA DA INFORMACAO LTDA","23/07/2024","23/07/2029","R$ 2.740.000,00","1","R$ 2.740.000,00"
"30000 - MINISTERIO DA JUSTICA E SEGURANCA PUBLICA","200247 - ARQUIVO NACIONAL","00005/2024","09.137.728/0001-34 - NTSEC SOLUCOES EM TELEINFORMATICA LTDA","25/10/2024","24/10/2027","R$ 928.884,36","1","R$ 928.884,36"
"30000 - MINISTERIO DA JUSTICA E SEGURANCA PUBLICA","200005 - CGL/MJ","00005/2025","12.625.657/0001-23 - BK TECNOLOGIA DA INFORMACAO LTDA","10/02/2025","10/02/2026","R$ 3.629.562,70","1","R$ 3.629.562,70"
"30000 - MINISTERIO DA JUSTICA E SEGURANCA PUBLICA","200247 - ARQUIVO NACIONAL","00006/2022","23.484.444/0001-45 - 3F LTDA","14/06/2022","13/06/2025","R$ 4.112,82","1","R$ 4.112,82"
"30000 - MINISTERIO DA JUSTICA E SEGURANCA PUBLICA","200247 - ARQUIVO NACIONAL","00007/2021","73.514.382/0001-45 - 2R DATATEL TELEINFORMATICA LTDA","25/08/2021","25/08/2024","R$ 679.800,00","1","R$ 679.800,00"
"30000 - MINISTERIO DA JUSTICA E SEGURANCA PUBLICA","200005 - CGL/MJ","00007/2023","04.724.924/0001-91 - ACTIVEWEB TECHNOLOGIES INFORMATICA LTDA","15/04/2023","15/04/2027","R$ 1.330,22","1","R$ 1.330,22"
"30000 - MINISTERIO DA JUSTICA E SEGURANCA PUBLICA","200247 - ARQUIVO NACIONAL","00008/2024","10.864.910/0001-76 - ADD VALUE PARTICIPACOES, COMERCIO E SERVICOS DE INFORMATICA LTDA.","09/10/2024","09/10/2027","R$ 209.000,00","1","R$ 209.000,00"
"30000 - MINISTERIO DA JUSTICA E SEGURANCA PUBLICA","200247 - ARQUIVO NACIONAL","00009/2022","03.698.620/0005-68 - GREEN4T SOLUCOES TI LTDA","02/09/2022","02/09/2025","R$ 600.972,92","12","R$ 50.081,08"
"30000 - MINISTERIO DA JUSTICA E SEGURANCA PUBLICA","200005 - CGL/MJ","00009/2025","57.142.978/0001-05 - BRASOFTWARE INFORMATICA LTDA","01/06/2025","01/06/2026","R$ 15.849.418,72","1","R$ 15.849.418,72"
"30000 - MINISTERIO DA JUSTICA E SEGURANCA PUBLICA","200247 - ARQUIVO NACIONAL","00010/2020","21.550.873/0001-48 - WELTSOLUTIONS SUPORTE EM TECNOLOGIA DA INFORMACAO LTDA","14/01/2021","14/01/2025","R$ 114.694.005,00","1","R$ 114.694.005,00"
"30000 - MINISTERIO DA JUSTICA E SEGURANCA PUBLICA","200247 - ARQUIVO NACIONAL","00011/2021","12.616.019/0001-46 - PONTOBIT SOLUCOES TECNOLOGICAS LTDA","12/11/2021","12/11/2025","R$ 168.000,00","12","R$ 14.000,00"
"30000 - MINISTERIO DA JUSTICA E SEGURANCA PUBLICA","200247 - ARQUIVO NACIONAL","00012/2021","19.585.941/0001-62 - SATURNO PAR LTDA","14/02/2022","14/02/2023","R$ 40.878,00","1","R$ 40.878,00"
"30000 - MINISTERIO DA JUSTICA E SEGURANCA PUBLICA","200247 - ARQUIVO NACIONAL","00012/2024","22.806.341/0001-91 - ACTION IT SERVICOS DE INFORMATICA LTDA","14/11/2024","14/11/2025","R$ 45.000,00","1","R$ 45.000,00"
"30000 - MINISTERIO DA JUSTICA E SEGURANCA PUBLICA","200247 - ARQUIVO NACIONAL","00013/2021","07.047.183/0001-40 - IPQ TECNOLOGIA LTDA","03/03/2022","03/03/2027","R$ 698.900,00","1","R$ 698.900,00"
"30000 - MINISTERIO DA JUSTICA E SEGURANCA PUBLICA","200005 - CGL/MJ","00013/2021","33.683.111/0002-80 - SERVICO FEDERAL DE PROCESSAMENTO DE DADOS (SERPRO)","02/03/2021","02/03/2026","R$ 137.013,51","1","R$ 137.013,51"
"30000 - MINISTERIO DA JUSTICA E SEGURANCA PUBLICA","200247 - ARQUIVO NACIONAL","00014/2020","37.131.927/0002-51 - NORTHWARE COMERCIO E SERVICOS LTDA","08/04/2021","08/04/2026","R$ 196.000,00","1","R$ 196.000,00"
"30000 - MINISTERIO DA JUSTICA E SEGURANCA PUBLICA","200247 - ARQUIVO NACIONAL","00014/2021","71.208.516/0001-74 - ALGAR TELECOM S/A","12/04/2022","12/04/2026","R$ 27.086,52","12","R$ 2.257,21"
"30000 - MINISTERIO DA JUSTICA E SEGURANCA PUBLICA","200247 - ARQUIVO NACIONAL","00015/2020","08.210.265/0001-26 - DATA CORPORE SERVICOS DE TELECOMUNICACOES E INFORMATICA LTDA","02/02/2021","02/02/2026","R$ 35.810,16","12","R$ 2.984,18"
"30000 - MINISTERIO DA JUSTICA E SEGURANCA PUBLICA","200247 - ARQUIVO NACIONAL","00015/2022","18.494.193/0001-40 - MULTITECNOLOGIA SERVICOS DE INFORMATICA LTDA","30/11/2022","30/11/2025","R$ 1.559.767,88","36","R$ 43.326,89"
"30000 - MINISTERIO DA JUSTICA E SEGURANCA PUBLICA","200247 - ARQUIVO NACIONAL","00016/2020","02.421.421/0001-11 - TIM S A","02/02/2021","02/02/2026","R$ 18.123,36","12","R$ 1.510,28"
"30000 - MINISTERIO DA JUSTICA E SEGURANCA PUBLICA","200247 - ARQUIVO NACIONAL","00016/2022","33.683.111/0001-07 - SERVICO FEDERAL DE PROCESSAMENTO DE DADOS (SERPRO)","23/12/2022","23/12/2025","R$ 3.767,47","1","R$ 3.767,47"
"30000 - MINISTERIO DA JUSTICA E SEGURANCA PUBLICA","200247 - ARQUIVO NACIONAL","00017/2021","89.237.911/0289-08 - GLOBAL DISTRIBUICAO DE BENS DE CONSUMO LTDA.","24/12/2021","24/12/2024","R$ 160.000,00","1","R$ 160.000,00"
"30000 - MINISTERIO DA JUSTICA E SEGURANCA PUBLICA","200247 - ARQUIVO NACIONAL","00017/2023","10.864.910/0001-76 - ADD VALUE PARTICIPACOES, COMERCIO E SERVICOS DE INFORMATICA LTDA.","17/08/2023","17/08/2026","R$ 1.382.500,00","1","R$ 1.382.500,00"
"30000 - MINISTERIO DA JUSTICA E SEGURANCA PUBLICA","200005 - CGL/MJ","00017/2024","04.947.601/0001-67 - RESOURCE TECNOLOGIA E INFORMATICA LTDA.","15/05/2024","15/05/2026","R$ 36.341.005,25","12","R$ 3.028.417,10"
"30000 - MINISTERIO DA JUSTICA E SEGURANCA PUBLICA","200005 - CGL/MJ","00018/2024","42.563.692/0001-26 - M.I. MONTREAL INFORMATICA S.A","17/05/2024","17/05/2026","R$ 2.383.128,00","12","R$ 198.594,00"
"30000 - MINISTERIO DA JUSTICA E SEGURANCA PUBLICA","200005 - CGL/MJ","00019/2023","31.862.002/0001-13 - GLOBAL SEC. TECNOLOGIA & INFORMACAO LTDA","09/10/2023","09/10/2024","R$ 4.836.000,00","1","R$ 4.836.000,00"
"30000 - MINISTERIO DA JUSTICA E SEGURANCA PUBLICA","200005 - CGL/MJ","00020/2021","57.142.978/0001-05 - BRASOFTWARE INFORMATICA LTDA","07/05/2021","07/05/2025","R$ 14.783.635,03","1","R$ 14.783.635,03"
"30000 - MINISTERIO DA JUSTICA E SEGURANCA PUBLICA","200247 - ARQUIVO NACIONAL","00021/2020","41.676.438/0001-71 - ADIK SOFTWARE LTDA","08/01/2021","08/01/2024","R$ 190.285,00","1","R$ 190.285,00"
"30000 - MINISTERIO DA JUSTICA E SEGURANCA PUBLICA","200247 - ARQUIVO NACIONAL","00021/2023","32.578.387/0001-54 - PARK PLACE TECHNOLOGIES BRAZIL LTDA","16/10/2023","16/10/2025","R$ 256.612,48","12","R$ 21.384,37"
"30000 - MINISTERIO DA JUSTICA E SEGURANCA PUBLICA","200005 - CGL/MJ","00023/2023","04.198.254/0001-17 - MCR SISTEMAS E CONSULTORIA LTDA","07/12/2023","07/02/2027","R$ 1.358.680,00","1","R$ 1.358.680,00"
"30000 - MINISTERIO DA JUSTICA E SEGURANCA PUBLICA","200247 - ARQUIVO NACIONAL","00034/2023","01.590.728/0009-30 - MICROTECNICA INFORMATICA LTDA","04/03/2024","04/03/2025","R$ 302.746,50","1","R$ 302.746,50"
"30000 - MINISTERIO DA JUSTICA E SEGURANCA PUBLICA","200005 - CGL/MJ","00036/2022","67.071.001/0003-60 - UNIFY - SOLUCOES EM TECNOLOGIA DA INFORMACAO LTDA.","29/04/2022","29/04/2027","R$ 693.150,00","1","R$ 693.150,00"
"30000 - MINISTERIO DA JUSTICA E SEGURANCA PUBLICA","200005 - CGL/MJ","00037/2022","23.518.065/0001-29 - XP ON CONSULTORIA LTDA","29/04/2022","29/04/2027","R$ 574.975,00","1","R$ 574.975,00"
"30000 - MINISTERIO DA JUSTICA E SEGURANCA PUBLICA","200005 - CGL/MJ","00037/2024","06.926.223/0001-60 - AMERICA TECNOLOGIA DE INFORMATICA E ELETRO-ELETRONICOS LTDA","23/09/2024","23/09/2026","R$ 25.200,00","1","R$ 25.200,00"
"30000 - MINISTERIO DA JUSTICA E SEGURANCA PUBLICA","200005 - CGL/MJ","00041/2024","12.625.657/0001-23 - BK TECNOLOGIA DA INFORMACAO LTDA","31/10/2024","31/10/2025","R$ 2.007.000,00","1","R$ 2.007.000,00"
"30000 - MINISTERIO DA JUSTICA E SEGURANCA PUBLICA","200005 - CGL/MJ","00045/2023","60.316.817/0001-03 - MICROSOFT INFORMATICA LTDA","20/12/2023","20/12/2025","R$ 6.892.253,36","1","R$ 6.892.253,36"
"30000 - MINISTERIO DA JUSTICA E SEGURANCA PUBLICA","200005 - CGL/MJ","00046/2021","19.877.285/0002-52 - LANLINK SOLUCOES E COMERCIALIZACAO EM INFORMATICA S/A","30/07/2021","30/07/2025","R$ 8.618.874,20","1","R$ 8.618.874,20"
"30000 - MINISTERIO DA JUSTICA E SEGURANCA PUBLICA","200005 - CGL/MJ","00053/2021","03.698.620/0003-04 - GREEN4T SOLUCOES TI LTDA","17/09/2021","17/09/2025","R$ 891.049,62","1","R$ 891.049,62"
"30000 - MINISTERIO DA JUSTICA E SEGURANCA PUBLICA","200005 - CGL/MJ","00057/2021","04.724.924/0001-91 - ACTIVEWEB TECHNOLOGIES INFORMATICA LTDA","18/10/2021","18/10/2025","R$ 1.415,75","1","R$ 1.415,75"
"30000 - MINISTERIO DA JUSTICA E SEGURANCA PUBLICA","200005 - CGL/MJ","00069/2021","27.868.176/0001-16 - GEN3 TECNOLOGIA DA INFORMACAO, SERVICOS, PRODUTOS E NEGOCIOS LTDA","23/12/2021","23/12/2025","R$ 408.155,60","1","R$ 408.155,60"
"30000 - MINISTERIO DA JUSTICA E SEGURANCA PUBLICA","200005 - CGL/MJ","00089/2021","23.518.065/0001-29 - XP ON CONSULTORIA LTDA","30/12/2021","30/12/2026","R$ 183.992,00","1","R$ 183.992,00"
"30000 - MINISTERIO DA JUSTICA E SEGURANCA PUBLICA","200247 - ARQUIVO NACIONAL","2021NE000061","00.308.141/0001-76 - CONNECTCOM TELEINFORMATICA COMERCIO E SERVICOS LTDA","09/04/2021","09/04/2022","R$ 1.281.441,12","12","R$ 106.786,76"
"30000 - MINISTERIO DA JUSTICA E SEGURANCA PUBLICA","200247 - ARQUIVO NACIONAL","2024NE000107","41.171.671/0001-00 - SHELBY SOLUCOES EM TECNOLOGIA LTDA","24/07/2024","31/12/2026","R$ 227.778,80","4","R$ 56.944,70"