"Órgão","Unidade Gestora","Número Contrato","Fornecedor","Vig. Início","Vig. Fim","Valor Global","Núm. Parcelas","Valor Parcela"
"41000 - MINISTERIO DAS COMUNICACOES","410003 - CGRL/MCOM","00017/2021","72.381.189/0010-01 - DELL COMPUTADORES DO BRASIL LTDA","01/06/2021","31/05/2022","R$ 1.096.480,00","12","R$ 91.373,33"
"41000 - MINISTERIO DAS COMUNICACOES","410003 - CGRL/MCOM","00005/2021","806030 - SERPRO - SEDE - BRASILIA","15/03/2021","15/03/2023","R$ 68.338,08","12","R$ 5.694,84"
"41000 - MINISTERIO DAS COMUNICACOES","410003 - CGRL/MCOM","00123/2022","58.619.404/0008-14 - CONVERGINT COMERCIO E SERVICOS DE TECNOLOGIA LTDA","07/11/2022","07/11/2023","R$ 749.000,00","12","R$ 62.416,67"
"41000 - MINISTERIO DAS COMUNICACOES","410003 - CGRL/MCOM","00051/2021","06.926.223/0001-60 - AMERICA TECNOLOGIA DE INFORMATICA E ELETRO-ELETRONICOS LTDA","06/07/2021","06/07/2022","R$ 126.000,00","1","R$ 126.000,00"
"41000 - MINISTERIO DAS COMUNICACOES","410003 - CGRL/MCOM","00052/2021","30.517.827/0001-38 - RMG TECNOLOGIA INTEGRADA LTDA","06/07/2021","06/07/2022","R$ 100.495,00","12","R$ 8.374,58"
"41000 - MINISTERIO DAS COMUNICACOES","410003 - CGRL/MCOM","00053/2021","15.135.210/0001-64 - TECPARTS IMPORTACAO E DISTRIBUICAO DE PECAS LTDA","06/07/2021","06/07/2022","R$ 200.830,00","12","R$ 16.735,83"
"41000 - MINISTERIO DAS COMUNICACOES","410003 - CGRL/MCOM","00047/2021","72.381.189/0010-01 - DELL COMPUTADORES DO BRASIL LTDA","10/06/2021","09/06/2022","R$ 2.073.871,00","12","R$ 172.822,58"
"41000 - MINISTERIO DAS COMUNICACOES","410003 - CGRL/MCOM","00029/2020","76.366.285/0001-40 - SEPROL IT SERVICES & CONSULTING LTDA","31/12/2020","30/06/2021","R$ 1.160.290,46","6","R$ 193.381,74"
"41000 - MINISTERIO DAS COMUNICACOES","410003 - CGRL/MCOM","00122/2022","03.017.428/0001-35 - NCT INFORMATICA LTDA","20/10/2022","20/10/2023","R$ 1.300.000,00","1","R$ 1.300.000,00"
"41000 - MINISTERIO DAS COMUNICACOES","410003 - CGRL/MCOM","00183/2022","81.243.735/0009-03 - POSITIVO TECNOLOGIA S.A.","29/12/2022","29/12/2023","R$ 1.145.400,00","1","R$ 1.145.400,00"
"41000 - MINISTERIO DAS COMUNICACOES","410003 - CGRL/MCOM","00050/2021","00.336.701/0001-04 - TELECOMUNICACOES BRASILEIRAS SA TELEBRAS","25/06/2021","28/12/2023","R$ 47.625.779,85","1","R$ 47.625.779,85"
"41000 - MINISTERIO DAS COMUNICACOES","410003 - CGRL/MCOM","00188/2022","01.134.191/0002-28 - SERVIX INFORMATICA LTDA","30/12/2022","30/12/2023","R$ 427.000,00","1","R$ 427.000,00"
"41000 - MINISTERIO DAS COMUNICACOES","410003 - CGRL/MCOM","00054/2021","05.889.039/0001-25 - FAST HELP INFORMATICA LTDA","06/07/2021","06/10/2023","R$ 200.621,00","1","R$ 200.621,00"
"41000 - MINISTERIO DAS COMUNICACOES","410003 - CGRL/MCOM","00093/2022","20.750.593/0001-10 - AGENCIA BRASPUB & EMPREENDIMENTOS LTDA","24/08/2022","24/08/2024","R$ 79.819,92","12","R$ 6.651,66"
"41000 - MINISTERIO DAS COMUNICACOES","410059 - SETEL/MCOM","00170/2023","00.336.701/0001-04 - TELECOMUNICACOES BRASILEIRAS SA TELEBRAS","19/12/2023","19/12/2028","R$ 3.125.902.742,40","1","R$ 3.125.902.742,40"
"41000 - MINISTERIO DAS COMUNICACOES","410072 - SPTI","00132/2023","31.862.002/0001-13 - GLOBAL SEC. TECNOLOGIA & INFORMACAO LTDA","13/09/2023","13/09/2025","R$ 585.000,00","12","R$ 48.750,00"
"41000 - MINISTERIO DAS COMUNICACOES","410072 - SPTI","00005/2024","33.683.111/0001-07 - SERVICO FEDERAL DE PROCESSAMENTO DE DADOS (SERPRO)","19/04/2024","19/04/2026","R$ 1.181,30","1","R$ 1.181,30"
"41000 - MINISTERIO DAS COMUNICACOES","410072 - SPTI","00003/2024","24.425.034/0001-96 - JAMC CONSULTORIA E REPRESENTACAO DE SOFTWARE LTDA","04/04/2024","04/04/2026","R$ 1.736.500,00","1","R$ 1.736.500,00"
"41000 - MINISTERIO DAS COMUNICACOES","410072 - SPTI","00002/2024","11.038.368/0001-65 - DISRUPTEC BRASIL LTDA","04/04/2024","04/04/2026","R$ 1.594.400,00","1","R$ 1.594.400,00"
"41000 - MINISTERIO DAS COMUNICACOES","410072 - SPTI","00001/2025","57.142.978/0001-05 - BRASOFTWARE INFORMATICA LTDA","28/02/2025","28/02/2026","R$ 2.634.758,22","12","R$ 219.563,19"
"41000 - MINISTERIO DAS COMUNICACOES","410072 - SPTI","00015/2024","01.645.738/0001-79 - INDRA BRASIL SOLUCOES E SERVICOS TECNOLOGICOS LTDA","14/10/2024","14/10/2025","R$ 4.004.840,00","1","R$ 4.004.840,00"
"41000 - MINISTERIO DAS COMUNICACOES","410072 - SPTI","00013/2020","00.336.701/0001-04 - TELECOMUNICACOES BRASILEIRAS SA TELEBRAS","06/08/2020","06/08/2025","R$ 242.427,00","12","R$ 20.202,25"
"41000 - MINISTERIO DAS COMUNICACOES","410072 - SPTI","00063/2021","04.198.254/0001-17 - MCR SISTEMAS E CONSULTORIA LTDA","18/08/2021","18/08/2024","R$ 573.400,00","12","R$ 47.783,33"
"41000 - MINISTERIO DAS COMUNICACOES","410072 - SPTI","00165/2023","21.547.011/0001-66 - ALLTECH - SOLUCOES EM TECNOLOGIA LTDA","11/12/2023","11/12/2026","R$ 4.856.040,00","1","R$ 4.856.040,00"
"41000 - MINISTERIO DAS COMUNICACOES","410072 - SPTI","00172/2023","11.615.516/0001-67 - INOVA CONSULTORIA, CURSOS E EVENTOS LTDA","31/12/2023","31/12/2025","R$ 30.000,00","1","R$ 30.000,00"
"41000 - MINISTERIO DAS COMUNICACOES","410072 - SPTI","00048/2021","33.683.111/0001-07 - SERVICO FEDERAL DE PROCESSAMENTO DE DADOS (SERPRO)","25/06/2021","25/06/2025","R$ 265.784,64","12","R$ 22.148,72"
"41000 - MINISTERIO DAS COMUNICACOES","410072 - SPTI","00028/2024","37.131.927/0001-70 - NORTHWARE COMERCIO E SERVICOS LTDA","23/12/2024","23/12/2025","R$ 1.795.000,00","1","R$ 1.795.000,00"
"41000 - MINISTERIO DAS COMUNICACOES","410072 - SPTI","00069/2021","07.432.517/0001-07 - SIMPRESS COMERCIO LOCACAO E SERVICOS LTDA","08/10/2021","08/10/2025","R$ 923.158,33","48","R$ 19.232,47"
"41000 - MINISTERIO DAS COMUNICACOES","410072 - SPTI","00174/2023","26.025.401/0001-90 - BLUE EYE SOLUCOES EM TECNOLOGIA LTDA","30/12/2023","30/12/2025","R$ 5.732.415,00","1","R$ 5.732.415,00"
"41000 - MINISTERIO DAS COMUNICACOES","410072 - SPTI","00001/2021","57.142.978/0001-05 - BRASOFTWARE INFORMATICA LTDA","25/02/2021","25/02/2025","R$ 2.281.319,88","12","R$ 190.109,99"
"41000 - MINISTERIO DAS COMUNICACOES","410072 - SPTI","00169/2023","76.366.285/0001-40 - SEPROL IT SERVICES & CONSULTING LTDA","22/12/2023","22/12/2028","R$ 689.998,50","1","R$ 689.998,50"
"41000 - MINISTERIO DAS COMUNICACOES","410072 - SPTI","00175/2023","58.619.404/0008-14 - CONVERGINT COMERCIO E SERVICOS DE TECNOLOGIA LTDA","30/12/2023","30/12/2024","R$ 1.470.150,00","1","R$ 1.470.150,00"
"41000 - MINISTERIO DAS COMUNICACOES","410072 - SPTI","00049/2021","02.421.421/0001-11 - TIM S A","15/07/2021","15/07/2026","R$ 400.149,93","30","R$ 13.338,33"
"41000 - MINISTERIO DAS COMUNICACOES","410072 - SPTI","00185/2022","07.192.480/0002-60 - AMM TECNOLOGIA E SERVICOS DE INFORMATICA S/A","29/12/2022","29/12/2026","R$ 57.400,00","1","R$ 57.400,00"
"41000 - MINISTERIO DAS COMUNICACOES","410072 - SPTI","00168/2022","04.198.254/0001-17 - MCR SISTEMAS E CONSULTORIA LTDA","19/12/2022","19/12/2025","R$ 807.700,00","1","R$ 807.700,00"
"41000 - MINISTERIO DAS COMUNICACOES","410072 - SPTI","00166/2023","07.322.276/0001-35 - SYDLE SISTEMAS LTDA","14/12/2023","14/12/2026","R$ 1.510.300,50","1","R$ 1.510.300,50"
"41000 - MINISTERIO DAS COMUNICACOES","410072 - SPTI","00013/2021","03.627.226/0001-05 - DSS SERVICOS DE TECNOLOGIA DA INFORMACAO LTDA EM RECUPERACAO JUDICIAL","13/05/2021","13/05/2025","R$ 2.197.683,99","12","R$ 183.140,33"