"Órgão","Unidade Gestora","Número Contrato","Fornecedor","Vig. Início","Vig. Fim","Valor Global","Núm. Parcelas","Valor Parcela"
"24000 - MINISTERIO DA CIENCIA, TECNOLOGIA E INOVAC","240106 - INPE/S.J.CAMP/MCTI","00420/2023","02.543.216/0011-09 - PERFIL COMPUTACIONAL LTDA","27/09/2023","27/09/2024","R$ 732.000,00","1","R$ 732.000,00"
"24000 - MINISTERIO DA CIENCIA, TECNOLOGIA E INOVAC","240106 - INPE/S.J.CAMP/MCTI","00200/2023","05.795.607/0001-29 - WISEIT - SISTEMAS E INFORMATICA LTDA","04/07/2023","06/11/2023","R$ 387.000,00","1","R$ 387.000,00"
"24000 - MINISTERIO DA CIENCIA, TECNOLOGIA E INOVAC","240106 - INPE/S.J.CAMP/MCTI","00530/2022","05.795.607/0001-29 - WISEIT - SISTEMAS E INFORMATICA LTDA","29/12/2022","03/05/2023","R$ 135.380,00","1","R$ 135.380,00"
"24000 - MINISTERIO DA CIENCIA, TECNOLOGIA E INOVAC","240106 - INPE/S.J.CAMP/MCTI","00420/2021","02.543.216/0011-09 - PERFIL COMPUTACIONAL LTDA","16/11/2021","16/03/2023","R$ 920.000,00","1","R$ 920.000,00"
"24000 - MINISTERIO DA CIENCIA, TECNOLOGIA E INOVAC","240106 - INPE/S.J.CAMP/MCTI","00560/2023","89.237.911/0289-08 - GLOBAL DISTRIBUICAO DE BENS DE CONSUMO LTDA.","14/12/2023","14/12/2024","R$ 194.040,00","1","R$ 194.040,00"
"24000 - MINISTERIO DA CIENCIA, TECNOLOGIA E INOVAC","240106 - INPE/S.J.CAMP/MCTI","00320/2022","05.795.607/0001-29 - WISEIT - SISTEMAS E INFORMATICA LTDA","29/11/2022","03/04/2023","R$ 500.620,00","1","R$ 500.620,00"
"24000 - MINISTERIO DA CIENCIA, TECNOLOGIA E INOVAC","240106 - INPE/S.J.CAMP/MCTI","00410/2023","02.543.216/0011-09 - PERFIL COMPUTACIONAL LTDA","21/09/2023","21/09/2024","R$ 22.135,00","1","R$ 22.135,00"
"24000 - MINISTERIO DA CIENCIA, TECNOLOGIA E INOVAC","240106 - INPE/S.J.CAMP/MCTI","00220/2023","05.085.461/0001-28 - DATAINFO SOLUCOES EM TECNOLOGIA DA INFORMACAO LTDA","07/07/2023","07/07/2025","R$ 5.602.944,00","1","R$ 5.602.944,00"
"24000 - MINISTERIO DA CIENCIA, TECNOLOGIA E INOVAC","240106 - INPE/S.J.CAMP/MCTI","00370/2023","05.085.461/0001-28 - DATAINFO SOLUCOES EM TECNOLOGIA DA INFORMACAO LTDA","17/08/2023","17/08/2025","R$ 5.150.848,20","1","R$ 5.150.848,20"
"24000 - MINISTERIO DA CIENCIA, TECNOLOGIA E INOVAC","240106 - INPE/S.J.CAMP/MCTI","00250/2024","19.813.573/0001-62 - SERVICE MASTER LTDA","03/10/2024","03/10/2025","R$ 10.640,00","1","R$ 10.640,00"
"24000 - MINISTERIO DA CIENCIA, TECNOLOGIA E INOVAC","240106 - INPE/S.J.CAMP/MCTI","00510/2022","05.085.461/0001-28 - DATAINFO SOLUCOES EM TECNOLOGIA DA INFORMACAO LTDA","28/12/2022","28/12/2023","R$ 4.916.338,80","1","R$ 4.916.338,80"
"24000 - MINISTERIO DA CIENCIA, TECNOLOGIA E INOVAC","240106 - INPE/S.J.CAMP/MCTI","00390/2020","05.795.607/0001-29 - WISEIT - SISTEMAS E INFORMATICA LTDA","27/11/2020","31/01/2021","R$ 3.101.580,00","1","R$ 3.101.580,00"
"24000 - MINISTERIO DA CIENCIA, TECNOLOGIA E INOVAC","240106 - INPE/S.J.CAMP/MCTI","00550/2020","61.797.924/0002-36 - HEWLETT-PACKARD BRASIL LTDA","23/12/2020","23/12/2021","R$ 4.470.871,92","1","R$ 4.470.871,92"
"24000 - MINISTERIO DA CIENCIA, TECNOLOGIA E INOVAC","240106 - INPE/S.J.CAMP/MCTI","00010/2019","72.381.189/0006-25 - DELL COMPUTADORES DO BRASIL LTDA","18/01/2019","18/01/2024","R$ 5.784.125,70","1","R$ 5.784.125,70"
"24000 - MINISTERIO DA CIENCIA, TECNOLOGIA E INOVAC","240106 - INPE/S.J.CAMP/MCTI","00580/2024","05.795.607/0002-00 - WISEIT - SISTEMAS E INFORMATICA LTDA","17/12/2024","17/12/2025","R$ 50.026,97","1","R$ 50.026,97"
"24000 - MINISTERIO DA CIENCIA, TECNOLOGIA E INOVAC","240106 - INPE/S.J.CAMP/MCTI","00570/2020","03.619.767/0005-15 - TORINO INFORMATICA LTDA..","06/01/2021","06/07/2024","R$ 798.000,00","1","R$ 798.000,00"
"24000 - MINISTERIO DA CIENCIA, TECNOLOGIA E INOVAC","240106 - INPE/S.J.CAMP/MCTI","00650/2019","89.237.911/0162-25 - GLOBAL DISTRIBUICAO DE BENS DE CONSUMO LTDA.","17/12/2019","17/12/2020","R$ 898.293,00","1","R$ 898.293,00"
"24000 - MINISTERIO DA CIENCIA, TECNOLOGIA E INOVAC","240106 - INPE/S.J.CAMP/MCTI","00480/2024","04.602.789/0001-01 - DATEN TECNOLOGIA LTDA","13/12/2024","13/12/2025","R$ 118.299,48","1","R$ 118.299,48"
"24000 - MINISTERIO DA CIENCIA, TECNOLOGIA E INOVAC","240106 - INPE/S.J.CAMP/MCTI","00470/2022","05.795.607/0001-29 - WISEIT - SISTEMAS E INFORMATICA LTDA","21/12/2022","25/04/2023","R$ 43.160,00","1","R$ 43.160,00"
"24000 - MINISTERIO DA CIENCIA, TECNOLOGIA E INOVAC","240106 - INPE/S.J.CAMP/MCTI","00140/2021","08.703.140/0001-38 - MOURACOM COMERCIO DE ARTIGOS DE INFORMATICA LTDA","10/11/2021","10/11/2022","R$ 434.360,00","1","R$ 434.360,00"
"24000 - MINISTERIO DA CIENCIA, TECNOLOGIA E INOVAC","240106 - INPE/S.J.CAMP/MCTI","00190/2022","05.795.607/0001-29 - WISEIT - SISTEMAS E INFORMATICA LTDA","20/09/2022","23/01/2023","R$ 385.300,00","1","R$ 385.300,00"
"24000 - MINISTERIO DA CIENCIA, TECNOLOGIA E INOVAC","240106 - INPE/S.J.CAMP/MCTI","00560/2024","05.795.607/0002-00 - WISEIT - SISTEMAS E INFORMATICA LTDA","17/12/2024","17/12/2025","R$ 494.782,00","1","R$ 494.782,00"
"24000 - MINISTERIO DA CIENCIA, TECNOLOGIA E INOVAC","240106 - INPE/S.J.CAMP/MCTI","00720/2024","05.795.607/0002-00 - WISEIT - SISTEMAS E INFORMATICA LTDA","27/12/2024","27/12/2025","R$ 55.450,00","1","R$ 55.450,00"
"24000 - MINISTERIO DA CIENCIA, TECNOLOGIA E INOVAC","240106 - INPE/S.J.CAMP/MCTI","00520/2024","81.243.735/0019-77 - POSITIVO TECNOLOGIA S.A.","19/12/2024","19/12/2025","R$ 287.756,00","1","R$ 287.756,00"
"24000 - MINISTERIO DA CIENCIA, TECNOLOGIA E INOVAC","240106 - INPE/S.J.CAMP/MCTI","00570/2024","05.795.607/0002-00 - WISEIT - SISTEMAS E INFORMATICA LTDA","17/12/2024","17/12/2025","R$ 347.815,82","1","R$ 347.815,82"
"24000 - MINISTERIO DA CIENCIA, TECNOLOGIA E INOVAC","240106 - INPE/S.J.CAMP/MCTI","00740/2019","58.619.404/0008-14 - CONVERGINT COMERCIO E SERVICOS DE TECNOLOGIA LTDA","23/12/2019","21/06/2021","R$ 525.191,00","1","R$ 525.191,00"
"24000 - MINISTERIO DA CIENCIA, TECNOLOGIA E INOVAC","240106 - INPE/S.J.CAMP/MCTI","00700/2024","03.619.767/0005-15 - TORINO INFORMATICA LTDA..","23/12/2024","23/12/2025","R$ 26.320,00","1","R$ 26.320,00"
"24000 - MINISTERIO DA CIENCIA, TECNOLOGIA E INOVAC","240106 - INPE/S.J.CAMP/MCTI","00080/2023","05.085.461/0001-28 - DATAINFO SOLUCOES EM TECNOLOGIA DA INFORMACAO LTDA","03/03/2023","30/08/2023","R$ 1.792.396,80","1","R$ 1.792.396,80"
"24000 - MINISTERIO DA CIENCIA, TECNOLOGIA E INOVAC","240106 - INPE/S.J.CAMP/MCTI","00370/2022","05.795.607/0001-29 - WISEIT - SISTEMAS E INFORMATICA LTDA","05/12/2022","09/04/2023","R$ 505.000,00","1","R$ 505.000,00"
"24000 - MINISTERIO DA CIENCIA, TECNOLOGIA E INOVAC","240106 - INPE/S.J.CAMP/MCTI","00490/2024","10.918.347/0002-52 - DIAGRAMA TECNOLOGIA LIMITADA","13/12/2024","13/12/2025","R$ 46.376,00","1","R$ 46.376,00"
"24000 - MINISTERIO DA CIENCIA, TECNOLOGIA E INOVAC","240106 - INPE/S.J.CAMP/MCTI","00170/2024","05.795.607/0002-00 - WISEIT - SISTEMAS E INFORMATICA LTDA","07/08/2024","07/08/2025","R$ 295.040,79","1","R$ 295.040,79"
"24000 - MINISTERIO DA CIENCIA, TECNOLOGIA E INOVAC","240106 - INPE/S.J.CAMP/MCTI","00630/2019","03.263.975/0001-09 - SYSTECH SISTEMAS E TECNOLOGIA EM INFORMATICA LTDA","19/12/2019","19/12/2020","R$ 947.100,00","1","R$ 947.100,00"
"24000 - MINISTERIO DA CIENCIA, TECNOLOGIA E INOVAC","240106 - INPE/S.J.CAMP/MCTI","00220/2020","02.543.216/0001-29 - PERFIL COMPUTACIONAL LTDA","14/08/2020","14/08/2021","R$ 485.999,91","1","R$ 485.999,91"
"24000 - MINISTERIO DA CIENCIA, TECNOLOGIA E INOVAC","240106 - INPE/S.J.CAMP/MCTI","00540/2022","05.795.607/0001-29 - WISEIT - SISTEMAS E INFORMATICA LTDA","29/12/2022","03/05/2023","R$ 153.070,00","1","R$ 153.070,00"
"24000 - MINISTERIO DA CIENCIA, TECNOLOGIA E INOVAC","240106 - INPE/S.J.CAMP/MCTI","00380/2022","02.543.216/0011-09 - PERFIL COMPUTACIONAL LTDA","13/12/2022","13/12/2023","R$ 198.400,00","1","R$ 198.400,00"
"24000 - MINISTERIO DA CIENCIA, TECNOLOGIA E INOVAC","240106 - INPE/S.J.CAMP/MCTI","00550/2023","89.237.911/0289-08 - GLOBAL DISTRIBUICAO DE BENS DE CONSUMO LTDA.","13/12/2023","13/12/2024","R$ 247.500,00","1","R$ 247.500,00"
"24000 - MINISTERIO DA CIENCIA, TECNOLOGIA E INOVAC","240106 - INPE/S.J.CAMP/MCTI","00410/2022","05.795.607/0001-29 - WISEIT - SISTEMAS E INFORMATICA LTDA","19/12/2022","23/04/2023","R$ 475.390,00","1","R$ 475.390,00"
"24000 - MINISTERIO DA CIENCIA, TECNOLOGIA E INOVAC","240106 - INPE/S.J.CAMP/MCTI","00500/2020","05.795.607/0001-29 - WISEIT - SISTEMAS E INFORMATICA LTDA","04/12/2020","07/02/2021","R$ 3.459.480,00","1","R$ 3.459.480,00"
"24000 - MINISTERIO DA CIENCIA, TECNOLOGIA E INOVAC","240104 - INT/MCTI","01800/2024","19.885.972/0001-39 - DUOWARE SOFTWARES LTDA","22/01/2025","22/01/2028","R$ 137.974,56","1","R$ 137.974,56"
"24000 - MINISTERIO DA CIENCIA, TECNOLOGIA E INOVAC","240104 - INT/MCTI","02100/2024","56.187.319/0001-22 - 56.187.319 FERNANDA DUTRA DE ALMEIDA SOUSA","10/01/2025","10/01/2026","R$ 7.200,00","1","R$ 7.200,00"
"24000 - MINISTERIO DA CIENCIA, TECNOLOGIA E INOVAC","240104 - INT/MCTI","01400/2024","53.458.705/0001-13 - RD2 SOLUCOES TECNOLOGICAS LTDA","22/01/2025","22/01/2026","R$ 326.500,00","1","R$ 326.500,00"
"24000 - MINISTERIO DA CIENCIA, TECNOLOGIA E INOVAC","240104 - INT/MCTI","02000/2024","08.692.456/0001-71 - BNB COMERCIO DE EQUIPAMENTOS DE INFORMATICA LTDA","15/01/2025","15/01/2026","R$ 7.722,00","1","R$ 7.722,00"
"24000 - MINISTERIO DA CIENCIA, TECNOLOGIA E INOVAC","240104 - INT/MCTI","01700/2024","49.009.169/0001-00 - LHB SANTOS LTDA","13/01/2025","13/01/2028","R$ 81.352,00","1","R$ 81.352,00"
"24000 - MINISTERIO DA CIENCIA, TECNOLOGIA E INOVAC","240104 - INT/MCTI","94800/2015","05.633.420/0001-29 - VENUS WORLD COMERCIO DE EQUIPAMENTOS E MATERIAL PARA ESCRITORIO LTDA","04/12/2015","03/12/2021","R$ 410.900,16","12","R$ 34.241,68"
"24000 - MINISTERIO DA CIENCIA, TECNOLOGIA E INOVAC","240104 - INT/MCTI","92600/2015","40.432.544/0001-47 - CLARO S.A.","06/05/2015","06/05/2021","R$ 20.127,00","1","R$ 0,00"
"24000 - MINISTERIO DA CIENCIA, TECNOLOGIA E INOVAC","240104 - INT/MCTI","00700/2023","27.810.619/0001-18 - AXE TECNOLOGIA LTDA","26/12/2023","26/12/2024","R$ 56.726,18","1","R$ 56.726,18"
"24000 - MINISTERIO DA CIENCIA, TECNOLOGIA E INOVAC","240104 - INT/MCTI","01500/2024","23.031.618/0001-14 - DAT SOLUCOES EM TECNOLOGIA LTDA","10/01/2025","10/01/2028","R$ 148.488,00","1","R$ 148.488,00"
"24000 - MINISTERIO DA CIENCIA, TECNOLOGIA E INOVAC","240104 - INT/MCTI","01600/2024","31.365.170/0001-01 - ONBITS 2 SOLUCOES EM TI LTDA","21/01/2025","21/01/2028","R$ 165.000,00","1","R$ 165.000,00"
"24000 - MINISTERIO DA CIENCIA, TECNOLOGIA E INOVAC","240104 - INT/MCTI","00900/2021","02.421.421/0001-11 - TIM S A","08/05/2021","08/05/2026","R$ 35.611,60","30","R$ 1.187,05"
"24000 - MINISTERIO DA CIENCIA, TECNOLOGIA E INOVAC","240104 - INT/MCTI","02300/2024","03.535.902/0005-44 - DECISION SERVICOS DE TECNOLOGIA DA INFORMACAO LTDA","10/01/2025","10/01/2030","R$ 408.890,00","1","R$ 408.890,00"
"24000 - MINISTERIO DA CIENCIA, TECNOLOGIA E INOVAC","240104 - INT/MCTI","00800/2021","40.432.544/0001-47 - CLARO S.A.","01/08/2021","01/08/2026","R$ 65.051,60","30","R$ 2.168,39"
"24000 - MINISTERIO DA CIENCIA, TECNOLOGIA E INOVAC","240104 - INT/MCTI","00400/2018","03.399.966/0001-31 - TECHCOM TECNOLOGIA E INFORMATICA LTDA","12/12/2018","12/12/2022","R$ 1.733.629,73","12","R$ 144.469,14"
"24000 - MINISTERIO DA CIENCIA, TECNOLOGIA E INOVAC","240104 - INT/MCTI","01900/2024","28.521.211/0001-99 - C DO VALE LOPES","17/01/2025","17/01/2028","R$ 99.688,00","1","R$ 99.688,00"
"24000 - MINISTERIO DA CIENCIA, TECNOLOGIA E INOVAC","240104 - INT/MCTI","02200/2024","50.359.235/0001-42 - PRIMESTORE COMERCIO DE INFORMATICA LTDA","23/01/2025","23/01/2030","R$ 100.940,00","1","R$ 100.940,00"
"24000 - MINISTERIO DA CIENCIA, TECNOLOGIA E INOVAC","240104 - INT/MCTI","01000/2023","07.946.893/0001-01 - AXONAL CONSULTORIA TECNOLOGICA LTDA.","16/01/2024","16/01/2026","R$ 91.000,00","1","R$ 91.000,00"
"24000 - MINISTERIO DA CIENCIA, TECNOLOGIA E INOVAC","240108 - INPE/C.PAULIS/MCTI","00420/2024","08.195.991/0001-17 - VERSATUS - SOLUCOES E SUPORTE EM REDES E COMPUTACAO DE ALTA PERFORMANCE LTDA","27/11/2024","27/11/2025","R$ 1.408.532,96","1","R$ 1.408.532,96"
"24000 - MINISTERIO DA CIENCIA, TECNOLOGIA E INOVAC","240108 - INPE/C.PAULIS/MCTI","00070/2024","08.195.991/0001-17 - VERSATUS - SOLUCOES E SUPORTE EM REDES E COMPUTACAO DE ALTA PERFORMANCE LTDA","09/05/2024","09/05/2025","R$ 575.537,93","1","R$ 575.537,93"
"24000 - MINISTERIO DA CIENCIA, TECNOLOGIA E INOVAC","240108 - INPE/C.PAULIS/MCTI","00090/2024","12.477.490/0002-81 - LIDER NOTEBOOKS COMERCIO E SERVICOS LTDA","10/05/2024","10/05/2025","R$ 165.800,00","1","R$ 165.800,00"
"24000 - MINISTERIO DA CIENCIA, TECNOLOGIA E INOVAC","240108 - INPE/C.PAULIS/MCTI","00500/2024","08.195.991/0001-17 - VERSATUS - SOLUCOES E SUPORTE EM REDES E COMPUTACAO DE ALTA PERFORMANCE LTDA","06/12/2024","06/12/2025","R$ 1.421.413,73","1","R$ 1.421.413,73"
"24000 - MINISTERIO DA CIENCIA, TECNOLOGIA E INOVAC","240108 - INPE/C.PAULIS/MCTI","00580/2023","12.477.490/0002-81 - LIDER NOTEBOOKS COMERCIO E SERVICOS LTDA","14/12/2023","14/12/2024","R$ 165.800,00","1","R$ 165.800,00"
"24000 - MINISTERIO DA CIENCIA, TECNOLOGIA E INOVAC","240108 - INPE/C.PAULIS/MCTI","00210/2023","02.543.216/0011-09 - PERFIL COMPUTACIONAL LTDA","04/07/2023","04/07/2024","R$ 180.000,00","1","R$ 180.000,00"
"24000 - MINISTERIO DA CIENCIA, TECNOLOGIA E INOVAC","240108 - INPE/C.PAULIS/MCTI","00430/2024","04.602.789/0001-01 - DATEN TECNOLOGIA LTDA","10/12/2024","10/12/2025","R$ 241.148,94","1","R$ 241.148,94"
"24000 - MINISTERIO DA CIENCIA, TECNOLOGIA E INOVAC","240108 - INPE/C.PAULIS/MCTI","00270/2024","07.789.113/0001-67 - LETTEL DISTRIBUIDORA DE TELEFONIA LTDA","09/10/2024","09/10/2025","R$ 290.458,00","1","R$ 290.458,00"
"24000 - MINISTERIO DA CIENCIA, TECNOLOGIA E INOVAC","240108 - INPE/C.PAULIS/MCTI","00140/2024","08.195.991/0001-17 - VERSATUS - SOLUCOES E SUPORTE EM REDES E COMPUTACAO DE ALTA PERFORMANCE LTDA","05/07/2024","05/07/2025","R$ 50.781,12","1","R$ 50.781,12"
"24000 - MINISTERIO DA CIENCIA, TECNOLOGIA E INOVAC","240108 - INPE/C.PAULIS/MCTI","00510/2024","08.195.991/0001-17 - VERSATUS - SOLUCOES E SUPORTE EM REDES E COMPUTACAO DE ALTA PERFORMANCE LTDA","06/12/2024","06/12/2025","R$ 2.288.753,05","1","R$ 2.288.753,05"
"24000 - MINISTERIO DA CIENCIA, TECNOLOGIA E INOVAC","240108 - INPE/C.PAULIS/MCTI","00610/2024","52.618.139/0028-17 - LEGRAND BRASIL LTDA","27/12/2024","12/06/2025","R$ 545.101,20","1","R$ 545.101,20"
"24000 - MINISTERIO DA CIENCIA, TECNOLOGIA E INOVAC","240108 - INPE/C.PAULIS/MCTI","00440/2023","02.543.216/0011-09 - PERFIL COMPUTACIONAL LTDA","17/10/2023","17/10/2024","R$ 360.000,00","1","R$ 360.000,00"
"24000 - MINISTERIO DA CIENCIA, TECNOLOGIA E INOVAC","240108 - INPE/C.PAULIS/MCTI","00160/2024","08.195.991/0001-17 - VERSATUS - SOLUCOES E SUPORTE EM REDES E COMPUTACAO DE ALTA PERFORMANCE LTDA","25/07/2024","25/07/2025","R$ 475.466,80","1","R$ 475.466,80"
"24000 - MINISTERIO DA CIENCIA, TECNOLOGIA E INOVAC","240108 - INPE/C.PAULIS/MCTI","00390/2022","01.134.191/0001-47 - SERVIX INFORMATICA LTDA","19/12/2022","19/12/2023","R$ 5.643.424,00","1","R$ 5.643.424,00"
"24000 - MINISTERIO DA CIENCIA, TECNOLOGIA E INOVAC","240108 - INPE/C.PAULIS/MCTI","00500/2022","02.543.216/0011-09 - PERFIL COMPUTACIONAL LTDA","28/12/2022","28/12/2023","R$ 900.000,00","1","R$ 900.000,00"
"24000 - MINISTERIO DA CIENCIA, TECNOLOGIA E INOVAC","240108 - INPE/C.PAULIS/MCTI","00160/2023","02.543.216/0011-09 - PERFIL COMPUTACIONAL LTDA","16/05/2023","16/05/2024","R$ 360.000,00","1","R$ 360.000,00"
"24000 - MINISTERIO DA CIENCIA, TECNOLOGIA E INOVAC","240108 - INPE/C.PAULIS/MCTI","00250/2023","01.134.191/0001-47 - SERVIX INFORMATICA LTDA","01/08/2023","01/08/2024","R$ 1.230.000,00","1","R$ 1.230.000,00"
"24000 - MINISTERIO DA CIENCIA, TECNOLOGIA E INOVAC","240108 - INPE/C.PAULIS/MCTI","00110/2024","12.477.490/0002-81 - LIDER NOTEBOOKS COMERCIO E SERVICOS LTDA","24/05/2024","24/05/2025","R$ 331.600,00","1","R$ 331.600,00"
"24000 - MINISTERIO DA CIENCIA, TECNOLOGIA E INOVAC","240108 - INPE/C.PAULIS/MCTI","00620/2023","08.195.991/0001-17 - VERSATUS - SOLUCOES E SUPORTE EM REDES E COMPUTACAO DE ALTA PERFORMANCE LTDA","20/12/2023","20/12/2024","R$ 2.458.500,56","1","R$ 2.458.500,56"
"24000 - MINISTERIO DA CIENCIA, TECNOLOGIA E INOVAC","240114 - INSA/MCTI","00011/2012","09.261.843/0001-16 - FUNDACAO PARQUE TECNOLOGICO DA PARAIBA","01/07/2012","02/07/2025","R$ 44.545,92","1","R$ 44.545,92"
"24000 - MINISTERIO DA CIENCIA, TECNOLOGIA E INOVAC","240114 - INSA/MCTI","00008/2024","02.914.690/0001-10 - COPY LINE COMERCIO E SERVICOS LTDA","19/06/2024","19/06/2026","R$ 41.616,00","24","R$ 1.734,00"
"24000 - MINISTERIO DA CIENCIA, TECNOLOGIA E INOVAC","240114 - INSA/MCTI","00015/2021","40.849.143/0001-97 - PRONET TECNOLOGIA E ENGENHARIA LTDA","29/11/2021","29/11/2024","R$ 184.942,22","1","R$ 184.942,22"
"24000 - MINISTERIO DA CIENCIA, TECNOLOGIA E INOVAC","240114 - INSA/MCTI","00019/2022","14.018.072/0001-70 - GUIMARAES TECNOLOGIA LTDA","28/12/2022","28/12/2025","R$ 24.600,00","1","R$ 24.600,00"
"24000 - MINISTERIO DA CIENCIA, TECNOLOGIA E INOVAC","240114 - INSA/MCTI","00007/2019","02.914.690/0001-10 - COPY LINE COMERCIO E SERVICOS LTDA","19/06/2019","18/06/2024","R$ 9.000,00","1","R$ 9.000,00"
"24000 - MINISTERIO DA CIENCIA, TECNOLOGIA E INOVAC","240114 - INSA/MCTI","00005/2024","05.407.609/0001-01 - ALTAS NETWORKS & TELECOM LTDA","22/03/2024","22/03/2027","R$ 56.334,00","1","R$ 56.334,00"
"24000 - MINISTERIO DA CIENCIA, TECNOLOGIA E INOVAC","240121 - IBICT/MCTI","00004/2024","03.399.966/0003-01 - TECHCOM TECNOLOGIA E INFORMATICA LTDA","01/03/2024","01/03/2026","R$ 3.440.865,84","1","R$ 3.440.865,84"
"24000 - MINISTERIO DA CIENCIA, TECNOLOGIA E INOVAC","240121 - IBICT/MCTI","00024/2024","03.619.767/0005-15 - TORINO INFORMATICA LTDA..","13/12/2024","12/03/2025","R$ 218.000,00","1","R$ 218.000,00"
"24000 - MINISTERIO DA CIENCIA, TECNOLOGIA E INOVAC","240121 - IBICT/MCTI","00017/2023","04.198.254/0001-17 - MCR SISTEMAS E CONSULTORIA LTDA","06/11/2023","06/11/2026","R$ 51.345,55","1","R$ 51.345,55"
"24000 - MINISTERIO DA CIENCIA, TECNOLOGIA E INOVAC","240121 - IBICT/MCTI","00054/2023","24.376.542/0001-21 - APPROACH TECNOLOGIA LTDA","18/12/2023","18/12/2024","R$ 2.795.152,00","1","R$ 2.795.152,00"
"24000 - MINISTERIO DA CIENCIA, TECNOLOGIA E INOVAC","240121 - IBICT/MCTI","51145/2022","22.797.545/0001-03 - LENOVO COMERCIAL E DISTRIBUICAO LIMITADA","08/04/2022","07/04/2023","R$ 197.100,00","1","R$ 197.100,00"
"24000 - MINISTERIO DA CIENCIA, TECNOLOGIA E INOVAC","240121 - IBICT/MCTI","50009/2023","81.243.735/0009-03 - POSITIVO TECNOLOGIA S.A.","11/07/2023","11/07/2024","R$ 76.360,00","1","R$ 76.360,00"
"24000 - MINISTERIO DA CIENCIA, TECNOLOGIA E INOVAC","240121 - IBICT/MCTI","05263/2022","24.376.542/0001-21 - APPROACH TECNOLOGIA LTDA","22/12/2022","22/12/2025","R$ 2.328.690,00","1","R$ 2.328.690,00"
"24000 - MINISTERIO DA CIENCIA, TECNOLOGIA E INOVAC","240121 - IBICT/MCTI","00022/2024","03.619.767/0005-15 - TORINO INFORMATICA LTDA..","13/12/2024","13/12/2029","R$ 39.480,00","1","R$ 39.480,00"
"24000 - MINISTERIO DA CIENCIA, TECNOLOGIA E INOVAC","240121 - IBICT/MCTI","00023/2024","03.619.767/0005-15 - TORINO INFORMATICA LTDA..","13/12/2024","13/12/2029","R$ 253.120,00","1","R$ 253.120,00"
"24000 - MINISTERIO DA CIENCIA, TECNOLOGIA E INOVAC","240121 - IBICT/MCTI","05325/2019","07.978.782/0004-20 - EWAVE DO BRASIL INFORMATICA LTDA.","01/03/2019","01/03/2024","R$ 1.932.230,90","12","R$ 161.019,24"
"24000 - MINISTERIO DA CIENCIA, TECNOLOGIA E INOVAC","240121 - IBICT/MCTI","05145/2022","04.602.789/0001-01 - DATEN TECNOLOGIA LTDA","08/04/2022","07/04/2023","R$ 103.020,00","1","R$ 103.020,00"
"24000 - MINISTERIO DA CIENCIA, TECNOLOGIA E INOVAC","240121 - IBICT/MCTI","50008/2023","81.243.735/0019-77 - POSITIVO TECNOLOGIA S.A.","11/07/2023","11/07/2024","R$ 35.570,00","1","R$ 35.570,00"
"24000 - MINISTERIO DA CIENCIA, TECNOLOGIA E INOVAC","240121 - IBICT/MCTI","05028/2021","02.421.421/0001-11 - TIM S A","23/04/2021","08/03/2026","R$ 12.483,00","1","R$ 12.483,00"
"24000 - MINISTERIO DA CIENCIA, TECNOLOGIA E INOVAC","240121 - IBICT/MCTI","00011/2023","27.778.168/0001-89 - K2 IT LTDA","15/09/2023","15/09/2024","R$ 535.800,00","1","R$ 535.800,00"
"24000 - MINISTERIO DA CIENCIA, TECNOLOGIA E INOVAC","240121 - IBICT/MCTI","00020/2023","81.243.735/0009-03 - POSITIVO TECNOLOGIA S.A.","10/11/2023","10/11/2024","R$ 76.360,00","1","R$ 76.360,00"
"24000 - MINISTERIO DA CIENCIA, TECNOLOGIA E INOVAC","240121 - IBICT/MCTI","00019/2023","81.243.735/0019-77 - POSITIVO TECNOLOGIA S.A.","09/11/2023","09/11/2024","R$ 35.570,00","1","R$ 35.570,00"
"24000 - MINISTERIO DA CIENCIA, TECNOLOGIA E INOVAC","240123 - LNCC/MCTI","00008/2024","07.384.807/0004-67 - BINARIO DISTRIBUIDORA DE EQUIPAMENTOS ELETRONICOS LTDA","22/07/2024","06/06/2025","R$ 1.097.540,62","1","R$ 1.097.540,62"
"24000 - MINISTERIO DA CIENCIA, TECNOLOGIA E INOVAC","240123 - LNCC/MCTI","00002/2025","12.616.019/0001-46 - PONTOBIT SOLUCOES TECNOLOGICAS LTDA","16/01/2025","16/01/2029","R$ 73.216,32","1","R$ 73.216,32"
"24000 - MINISTERIO DA CIENCIA, TECNOLOGIA E INOVAC","240123 - LNCC/MCTI","00001/2025","41.622.110/0001-72 - 41.622.110 NILSON RAFAEL PEREIRA DA SILVA","07/01/2025","07/01/2028","R$ 10.470,00","1","R$ 10.470,00"
"24000 - MINISTERIO DA CIENCIA, TECNOLOGIA E INOVAC","240123 - LNCC/MCTI","00020/2022","57.142.978/0001-05 - BRASOFTWARE INFORMATICA LTDA","27/12/2022","27/12/2025","R$ 517.582,80","1","R$ 517.582,80"
"24000 - MINISTERIO DA CIENCIA, TECNOLOGIA E INOVAC","240123 - LNCC/MCTI","00001/2023","86.703.337/0001-80 - INTEROP INFORMATICA LTDA","10/02/2023","09/02/2026","R$ 3.966.000,00","1","R$ 3.966.000,00"
"24000 - MINISTERIO DA CIENCIA, TECNOLOGIA E INOVAC","240123 - LNCC/MCTI","2023NE000105","48.807.338/0001-86 - WILLIAM BONILHA DE ARAUJO","02/01/2024","10/04/2024","R$ 277,77","1","R$ 277,77"
"24000 - MINISTERIO DA CIENCIA, TECNOLOGIA E INOVAC","240123 - LNCC/MCTI","2024NE000097","EX2401290 - BIOSOLVEIT GMBH","01/12/2024","01/12/2027","R$ 31.050,00","1","R$ 31.050,00"
"24000 - MINISTERIO DA CIENCIA, TECNOLOGIA E INOVAC","240123 - LNCC/MCTI","2023NE000106","48.807.338/0001-86 - WILLIAM BONILHA DE ARAUJO","02/01/2024","10/04/2024","R$ 506,29","1","R$ 506,29"
"24000 - MINISTERIO DA CIENCIA, TECNOLOGIA E INOVAC","240123 - LNCC/MCTI","00015/2024","32.941.421/0001-03 - STUDIO CARTOON LTDA","25/01/2025","25/01/2026","R$ 8.443,84","1","R$ 8.443,84"
"24000 - MINISTERIO DA CIENCIA, TECNOLOGIA E INOVAC","240123 - LNCC/MCTI","00012/2022","04.602.789/0001-01 - DATEN TECNOLOGIA LTDA","18/11/2022","18/11/2023","R$ 75.548,00","1","R$ 75.548,00"
"24000 - MINISTERIO DA CIENCIA, TECNOLOGIA E INOVAC","240123 - LNCC/MCTI","00009/2024","19.952.299/0001-02 - L8 GROUP SA","02/12/2024","02/12/2026","R$ 303.500,00","1","R$ 303.500,00"
"24000 - MINISTERIO DA CIENCIA, TECNOLOGIA E INOVAC","240123 - LNCC/MCTI","00016/2022","04.198.254/0001-17 - MCR SISTEMAS E CONSULTORIA LTDA","20/12/2022","20/12/2025","R$ 68.265,00","1","R$ 68.265,00"
"24000 - MINISTERIO DA CIENCIA, TECNOLOGIA E INOVAC","240123 - LNCC/MCTI","00006/2017","12.641.727/0001-37 - FORT SECURE TECNOLOGIA LTDA","22/02/2017","22/02/2022","R$ 23.499,72","12","R$ 1.958,31"
"24000 - MINISTERIO DA CIENCIA, TECNOLOGIA E INOVAC","240123 - LNCC/MCTI","00024/2020","72.381.189/0010-01 - DELL COMPUTADORES DO BRASIL LTDA","04/01/2021","03/01/2022","R$ 148.386,00","1","R$ 148.386,00"
"24000 - MINISTERIO DA CIENCIA, TECNOLOGIA E INOVAC","240123 - LNCC/MCTI","2023NE000100","51.382.835/0001-94 - LUMOS CONSULTORIA E TECNOLOGIA LTDA","02/01/2024","10/04/2024","R$ 291,72","1","R$ 291,72"
"24000 - MINISTERIO DA CIENCIA, TECNOLOGIA E INOVAC","240123 - LNCC/MCTI","2023NE000101","44.618.077/0001-03 - CRUZ NVM CONSULTORIA & GESTAO LTDA","02/01/2024","10/04/2024","R$ 77,36","1","R$ 77,36"
"24000 - MINISTERIO DA CIENCIA, TECNOLOGIA E INOVAC","240123 - LNCC/MCTI","2022NE000098","23.518.065/0001-29 - XP ON CONSULTORIA LTDA","22/12/2022","22/12/2023","R$ 8.060,00","1","R$ 8.060,00"
"24000 - MINISTERIO DA CIENCIA, TECNOLOGIA E INOVAC","240123 - LNCC/MCTI","00003/2023","04.424.094/0001-87 - ALLCOMNET TECNOLOGIA E SISTEMAS LTDA","05/04/2023","05/04/2024","R$ 43.572,00","1","R$ 43.572,00"
"24000 - MINISTERIO DA CIENCIA, TECNOLOGIA E INOVAC","240123 - LNCC/MCTI","00028/2018","01.919.316/0001-44 - OGASEC CONSULTORIA E INFORMATICA LTDA","28/11/2018","27/11/2021","R$ 187.425,62","1","R$ 187.425,62"
"24000 - MINISTERIO DA CIENCIA, TECNOLOGIA E INOVAC","240123 - LNCC/MCTI","2024NE000098","33.402.892/0001-06 - ASSOCIACAO BRASILEIRA DE NORMAS TECNICAS ABNT","22/12/2024","22/12/2025","R$ 2.107,90","1","R$ 2.107,90"
"24000 - MINISTERIO DA CIENCIA, TECNOLOGIA E INOVAC","240123 - LNCC/MCTI","2022NE000068","30.870.355/0001-00 - M2Z SOLUCOES INTEGRADAS LTDA","19/08/2022","18/08/2023","R$ 1.988,00","1","R$ 1.988,00"
"24000 - MINISTERIO DA CIENCIA, TECNOLOGIA E INOVAC","240123 - LNCC/MCTI","00011/2017","07.432.517/0001-07 - SIMPRESS COMERCIO LOCACAO E SERVICOS LTDA","17/08/2017","16/08/2021","R$ 4.066.221,03","12","R$ 338.851,75"
"24000 - MINISTERIO DA CIENCIA, TECNOLOGIA E INOVAC","240123 - LNCC/MCTI","00007/2018","01.644.731/0001-32 - CTIS TECNOLOGIA LTDA","11/06/2018","08/10/2023","R$ 2.499.927,50","1","R$ 2.499.927,50"
"24000 - MINISTERIO DA CIENCIA, TECNOLOGIA E INOVAC","240123 - LNCC/MCTI","00019/2018","21.649.280/0001-33 - BULL LTDA","06/09/2018","04/03/2024","R$ 4.985.227,44","12","R$ 415.435,62"
"24000 - MINISTERIO DA CIENCIA, TECNOLOGIA E INOVAC","240123 - LNCC/MCTI","2023NE000104","44.791.976/0001-03 - 9CS COMERCIO DE PRODUTOS LTDA","02/01/2024","10/04/2024","R$ 304,46","1","R$ 304,46"
"24000 - MINISTERIO DA CIENCIA, TECNOLOGIA E INOVAC","240123 - LNCC/MCTI","2023NE000108","48.040.995/0001-40 - LUTHOR COMERCIO LTDA","02/01/2024","10/04/2024","R$ 1.473,20","1","R$ 1.473,20"
"24000 - MINISTERIO DA CIENCIA, TECNOLOGIA E INOVAC","240123 - LNCC/MCTI","2023NE000107","17.215.437/0001-45 - NEP SOLUCOES E INFORMATICA - COMERCIO E SERVICOS LTDA","04/01/2024","12/04/2024","R$ 174,00","1","R$ 174,00"
"24000 - MINISTERIO DA CIENCIA, TECNOLOGIA E INOVAC","240123 - LNCC/MCTI","2023NE000103","26.587.509/0001-76 - DOUBLE SOLUCOES E TECNOLOGIA LTDA","02/01/2024","10/04/2024","R$ 2.671,20","1","R$ 2.671,20"
"24000 - MINISTERIO DA CIENCIA, TECNOLOGIA E INOVAC","240123 - LNCC/MCTI","2023NE000102","30.814.518/0001-20 - MANHUACU CONSTRUCAO, TERCEIRIZACAO E COMERCIALIZACAO DE MATERIAIS LTDA","02/01/2024","10/04/2024","R$ 1.067,00","1","R$ 1.067,00"
"24000 - MINISTERIO DA CIENCIA, TECNOLOGIA E INOVAC","240123 - LNCC/MCTI","00015/2023","07.384.807/0004-67 - BINARIO DISTRIBUIDORA DE EQUIPAMENTOS ELETRONICOS LTDA","21/12/2023","05/11/2024","R$ 2.486.267,03","1","R$ 2.486.267,03"
"24000 - MINISTERIO DA CIENCIA, TECNOLOGIA E INOVAC","240123 - LNCC/MCTI","00004/2024","21.649.280/0001-33 - BULL LTDA","01/06/2024","01/06/2025","R$ 7.385.227,44","12","R$ 615.435,62"
"24000 - MINISTERIO DA CIENCIA, TECNOLOGIA E INOVAC","240123 - LNCC/MCTI","2023NE000109","52.504.817/0001-09 - LEGACY DISTRIBUIDORA DE INFORMATICA E ELETROELETRONICOS LTDA","02/01/2024","10/04/2024","R$ 1.550,88","1","R$ 1.550,88"
"24000 - MINISTERIO DA CIENCIA, TECNOLOGIA E INOVAC","240123 - LNCC/MCTI","2022NE000100","33.402.892/0001-06 - ASSOCIACAO BRASILEIRA DE NORMAS TECNICAS ABNT","21/12/2022","21/12/2023","R$ 1.893,90","1","R$ 1.893,90"
"24000 - MINISTERIO DA CIENCIA, TECNOLOGIA E INOVAC","240123 - LNCC/MCTI","00021/2022","19.452.240/0001-55 - NETWARE TELECOMUNICACOES E INFORMATICA LTDA","20/12/2022","08/06/2023","R$ 1.075.000,00","1","R$ 1.075.000,00"
"24000 - MINISTERIO DA CIENCIA, TECNOLOGIA E INOVAC","240124 - MAST/MCTI","00001/2025","44.686.432/0001-73 - MATECHNO COMERCIO E SERVICOS DE ENGENHARIA LTDA","02/02/2025","02/02/2026","R$ 230.250,36","12","R$ 19.187,53"
"24000 - MINISTERIO DA CIENCIA, TECNOLOGIA E INOVAC","240124 - MAST/MCTI","00002/2019","03.589.089/0001-61 - MFC - CONSULTORIA E ASSESSORIA EMPRESARIAL LTDA","01/02/2019","01/02/2025","R$ 259.053,01","12","R$ 21.587,75"
"24000 - MINISTERIO DA CIENCIA, TECNOLOGIA E INOVAC","240124 - MAST/MCTI","00003/2021","40.432.544/0001-47 - CLARO S.A.","01/03/2021","01/06/2026","R$ 2.837,53","1","R$ 2.837,53"
"24000 - MINISTERIO DA CIENCIA, TECNOLOGIA E INOVAC","240124 - MAST/MCTI","00007/2024","05.630.085/0001-05 - VICMA COMERCIO DE EQUIPAMENTOS PARA ESCRITORIO LTDA","02/09/2024","02/09/2025","R$ 81.353,64","12","R$ 6.779,47"
"24000 - MINISTERIO DA CIENCIA, TECNOLOGIA E INOVAC","240125 - MPEG/MCTI","00036/2024","81.243.735/0019-77 - POSITIVO TECNOLOGIA S.A.","28/12/2024","27/12/2025","R$ 154.155,00","1","R$ 154.155,00"
"24000 - MINISTERIO DA CIENCIA, TECNOLOGIA E INOVAC","240125 - MPEG/MCTI","00028/2024","27.120.037/0001-00 - THADS SERVICOS LTDA","30/09/2024","30/09/2025","R$ 16.989,00","1","R$ 16.989,00"
"24000 - MINISTERIO DA CIENCIA, TECNOLOGIA E INOVAC","240125 - MPEG/MCTI","2024NE000119","53.463.762/0001-90 - CJ&M SOLUCOES COMERCIAIS LTDA","10/09/2024","10/09/2025","R$ 8.599,90","1","R$ 8.599,90"
"24000 - MINISTERIO DA CIENCIA, TECNOLOGIA E INOVAC","240125 - MPEG/MCTI","2024NE000110","26.498.396/0001-32 - MA3 TECH INFORMATICA LTDA","13/08/2024","13/08/2025","R$ 1.927,49","1","R$ 1.927,49"
"24000 - MINISTERIO DA CIENCIA, TECNOLOGIA E INOVAC","240125 - MPEG/MCTI","2023NE000162","05.377.777/0001-93 - SYSTEM NETWORKS LTDA","20/11/2023","30/12/2024","R$ 31.840,00","1","R$ 31.840,00"
"24000 - MINISTERIO DA CIENCIA, TECNOLOGIA E INOVAC","240125 - MPEG/MCTI","2023NE000225","03.619.767/0005-15 - TORINO INFORMATICA LTDA..","27/12/2023","30/12/2024","R$ 90.640,00","1","R$ 90.640,00"
"24000 - MINISTERIO DA CIENCIA, TECNOLOGIA E INOVAC","240125 - MPEG/MCTI","00025/2024","02.213.325/0005-01 - PLUGNET COMERCIO E REPRESENTACOES LTDA.","24/09/2024","24/09/2029","R$ 979.000,00","1","R$ 979.000,00"
"24000 - MINISTERIO DA CIENCIA, TECNOLOGIA E INOVAC","240125 - MPEG/MCTI","00019/2021","03.117.534/0001-90 - BRADOK SOLUCOES CORPORATIVAS LTDA","17/12/2021","17/12/2025","R$ 352.187,52","48","R$ 7.337,24"
"24000 - MINISTERIO DA CIENCIA, TECNOLOGIA E INOVAC","240125 - MPEG/MCTI","00026/2024","03.017.428/0001-35 - NCT INFORMATICA LTDA","25/09/2024","25/09/2029","R$ 75.500,00","1","R$ 75.500,00"
"24000 - MINISTERIO DA CIENCIA, TECNOLOGIA E INOVAC","240125 - MPEG/MCTI","00034/2024","07.223.271/0001-55 - CONNECTA - CONSULTORIA, COMERCIO E SERVICOS DE INFORMATICA LTDA","06/12/2024","06/12/2027","R$ 122.250,00","1","R$ 122.250,00"
"24000 - MINISTERIO DA CIENCIA, TECNOLOGIA E INOVAC","240125 - MPEG/MCTI","00037/2024","26.930.358/0001-07 - FL SUPRIMENTOS DE INFORMATICA LTDA","16/12/2024","16/12/2029","R$ 130.656,00","1","R$ 130.656,00"
"24000 - MINISTERIO DA CIENCIA, TECNOLOGIA E INOVAC","240125 - MPEG/MCTI","00039/2024","20.324.748/0001-57 - VLP NOBREAKS E ESTABILIZADORES LTDA","16/12/2024","16/12/2025","R$ 16.000,00","1","R$ 16.000,00"
"24000 - MINISTERIO DA CIENCIA, TECNOLOGIA E INOVAC","240125 - MPEG/MCTI","2024NE000063","07.797.967/0001-95 - NP TECNOLOGIA E GESTAO DE DADOS LTDA","24/05/2024","24/05/2025","R$ 10.610,00","1","R$ 10.610,00"
"24000 - MINISTERIO DA CIENCIA, TECNOLOGIA E INOVAC","240125 - MPEG/MCTI","00001/2021","04.602.789/0001-01 - DATEN TECNOLOGIA LTDA","22/01/2021","22/01/2022","R$ 36.768,00","1","R$ 36.768,00"
"24000 - MINISTERIO DA CIENCIA, TECNOLOGIA E INOVAC","240125 - MPEG/MCTI","00004/2021","07.223.271/0001-55 - CONNECTA - CONSULTORIA, COMERCIO E SERVICOS DE INFORMATICA LTDA","10/02/2021","10/02/2022","R$ 301.530,00","1","R$ 301.530,00"
"24000 - MINISTERIO DA CIENCIA, TECNOLOGIA E INOVAC","240125 - MPEG/MCTI","00027/2021","07.178.322/0001-74 - EQUILIBRIUM WEB SERVICOS DE INFORMATICA LTDA","29/12/2021","29/10/2024","R$ 390.600,00","12","R$ 32.550,00"
"24000 - MINISTERIO DA CIENCIA, TECNOLOGIA E INOVAC","240125 - MPEG/MCTI","00022/2022","59.717.553/0006-17 - GRUPO MULTI S.A","27/12/2022","27/12/2023","R$ 6.900,00","1","R$ 6.900,00"
"24000 - MINISTERIO DA CIENCIA, TECNOLOGIA E INOVAC","240125 - MPEG/MCTI","2024NE000098","33.683.111/0001-07 - SERVICO FEDERAL DE PROCESSAMENTO DE DADOS (SERPRO)","30/07/2024","31/12/2024","R$ 847,35","1","R$ 847,35"
"24000 - MINISTERIO DA CIENCIA, TECNOLOGIA E INOVAC","240125 - MPEG/MCTI","00002/2023","04.198.254/0001-17 - MCR SISTEMAS E CONSULTORIA LTDA","18/05/2023","18/05/2026","R$ 56.620,00","1","R$ 56.620,00"
"24000 - MINISTERIO DA CIENCIA, TECNOLOGIA E INOVAC","240125 - MPEG/MCTI","00027/2024","03.822.909/0001-13 - CONNECTOWAY SOLUCOES INTELIGENTES EM TECNOLOGIA S.A","23/09/2024","23/09/2029","R$ 136.314,00","1","R$ 136.314,00"
"24000 - MINISTERIO DA CIENCIA, TECNOLOGIA E INOVAC","240125 - MPEG/MCTI","00022/2024","09.298.794/0001-96 - POWER TEC TECNOLOGIA EM INFORMATICA LTDA","19/08/2024","19/08/2027","R$ 36.000,00","1","R$ 36.000,00"
"24000 - MINISTERIO DA CIENCIA, TECNOLOGIA E INOVAC","240125 - MPEG/MCTI","2024NE000189","20.040.746/0001-36 - M3 COMERCIO  SOFTWARE LTDA","09/12/2024","09/12/2025","R$ 54.450,00","1","R$ 54.450,00"
"24000 - MINISTERIO DA CIENCIA, TECNOLOGIA E INOVAC","240125 - MPEG/MCTI","00023/2022","81.243.735/0009-03 - POSITIVO TECNOLOGIA S.A.","29/12/2022","29/12/2023","R$ 160.356,00","1","R$ 160.356,00"
"24000 - MINISTERIO DA CIENCIA, TECNOLOGIA E INOVAC","240125 - MPEG/MCTI","00024/2023","81.243.735/0009-03 - POSITIVO TECNOLOGIA S.A.","16/10/2023","16/10/2024","R$ 57.270,00","1","R$ 57.270,00"
"24000 - MINISTERIO DA CIENCIA, TECNOLOGIA E INOVAC","240125 - MPEG/MCTI","00026/2023","81.243.735/0019-77 - POSITIVO TECNOLOGIA S.A.","26/10/2023","26/10/2024","R$ 46.241,00","1","R$ 46.241,00"
"24000 - MINISTERIO DA CIENCIA, TECNOLOGIA E INOVAC","240125 - MPEG/MCTI","00025/2023","81.243.735/0009-03 - POSITIVO TECNOLOGIA S.A.","26/10/2023","26/10/2024","R$ 54.138,00","1","R$ 54.138,00"
"24000 - MINISTERIO DA CIENCIA, TECNOLOGIA E INOVAC","240125 - MPEG/MCTI","00024/2022","81.243.735/0019-77 - POSITIVO TECNOLOGIA S.A.","29/12/2022","29/12/2023","R$ 42.684,00","1","R$ 42.684,00"
"24000 - MINISTERIO DA CIENCIA, TECNOLOGIA E INOVAC","240125 - MPEG/MCTI","00028/2023","04.198.254/0001-17 - MCR SISTEMAS E CONSULTORIA LTDA","10/11/2023","10/11/2026","R$ 14.155,00","1","R$ 14.155,00"
"24000 - MINISTERIO DA CIENCIA, TECNOLOGIA E INOVAC","240126 - ON/MCTI","00003/2025","22.323.856/0001-30 - ELYSION COMPUTACAO INTEGRADA LTDA","27/04/2025","26/04/2026","R$ 10.000,00","1","R$ 10.000,00"
"24000 - MINISTERIO DA CIENCIA, TECNOLOGIA E INOVAC","240126 - ON/MCTI","10007/2025","02.318.005/0001-92 - SIA SISTEMAS DE INFORMATICA E AUTOMACAO LTDA","14/05/2025","13/05/2026","R$ 14.950,00","1","R$ 14.950,00"
"24000 - MINISTERIO DA CIENCIA, TECNOLOGIA E INOVAC","240126 - ON/MCTI","00009/2024","01.712.235/0001-79 - BENTLEY SYSTEMS BRASIL LTDA","23/10/2024","22/10/2025","R$ 71.709,03","1","R$ 71.709,03"
"24000 - MINISTERIO DA CIENCIA, TECNOLOGIA E INOVAC","240126 - ON/MCTI","10006/2025","60.455.193/0001-05 - OPENCADD ADVANCED TECHNOLOGY COMERCIO E SERVICOS LTDA","02/05/2025","01/05/2026","R$ 34.902,00","1","R$ 34.902,00"
"24000 - MINISTERIO DA CIENCIA, TECNOLOGIA E INOVAC","240126 - ON/MCTI","00010/2024","02.423.535/0001-09 - BLOCKBIT TECNOLOGIA LTDA","07/11/2024","07/11/2025","R$ 169.688,53","1","R$ 169.688,53"
"24000 - MINISTERIO DA CIENCIA, TECNOLOGIA E INOVAC","240126 - ON/MCTI","00016/2024","11.013.199/0001-09 - INT PRINT SERVICOS DE INFORMATICA LTDA","13/12/2024","13/03/2025","R$ 56.500,00","1","R$ 56.500,00"
"24000 - MINISTERIO DA CIENCIA, TECNOLOGIA E INOVAC","240126 - ON/MCTI","10004/2025","23.692.857/0001-15 - LATAMSUL IMPORTACAO SERVICOS E COMERCIO DE ELETRONICOS LTDA.","20/02/2025","20/02/2026","R$ 8.018,00","1","R$ 8.018,00"
"24000 - MINISTERIO DA CIENCIA, TECNOLOGIA E INOVAC","240126 - ON/MCTI","10044/2023","23.692.857/0001-15 - LATAMSUL IMPORTACAO SERVICOS E COMERCIO DE ELETRONICOS LTDA.","26/12/2023","25/12/2024","R$ 12.750,00","1","R$ 12.750,00"
"24000 - MINISTERIO DA CIENCIA, TECNOLOGIA E INOVAC","240127 - CETEM/MCTI","00002/2024","61.797.924/0002-36 - HEWLETT-PACKARD BRASIL LTDA","01/04/2024","01/04/2025","R$ 1.199.999,52","12","R$ 99.999,96"
"24000 - MINISTERIO DA CIENCIA, TECNOLOGIA E INOVAC","240127 - CETEM/MCTI","00004/2021","02.877.566/0001-21 - IBROWSE - CONSULTORIA & INFORMATICA LTDA","06/09/2021","10/03/2022","R$ 451.374,00","6","R$ 75.229,00"
"24000 - MINISTERIO DA CIENCIA, TECNOLOGIA E INOVAC","240127 - CETEM/MCTI","00001/2021","02.877.566/0001-21 - IBROWSE - CONSULTORIA & INFORMATICA LTDA","09/03/2021","05/09/2021","R$ 410.322,00","6","R$ 68.387,00"
"24000 - MINISTERIO DA CIENCIA, TECNOLOGIA E INOVAC","240127 - CETEM/MCTI","00007/2022","03.399.966/0001-31 - TECHCOM TECNOLOGIA E INFORMATICA LTDA","23/05/2022","23/05/2023","R$ 864.619,80","12","R$ 72.051,65"
"24000 - MINISTERIO DA CIENCIA, TECNOLOGIA E INOVAC","240127 - CETEM/MCTI","00001/2021","02.877.566/0001-21 - IBROWSE - CONSULTORIA & INFORMATICA LTDA","09/03/2021","05/09/2021","R$ 410.322,00","6","R$ 68.387,00"
"24000 - MINISTERIO DA CIENCIA, TECNOLOGIA E INOVAC","240127 - CETEM/MCTI","00003/2023","05.630.085/0001-05 - VICMA COMERCIO DE EQUIPAMENTOS PARA ESCRITORIO LTDA","01/07/2023","01/07/2024","R$ 35.040,00","12","R$ 2.920,00"
"24000 - MINISTERIO DA CIENCIA, TECNOLOGIA E INOVAC","240128 - LNA/MCTI","00003/2022","11.777.618/0001-89 - WALAS STORE LTDA","03/10/2022","03/10/2023","R$ 58.447,62","1","R$ 58.447,62"
"24000 - MINISTERIO DA CIENCIA, TECNOLOGIA E INOVAC","240128 - LNA/MCTI","00030/2023","22.310.432/0001-31 - RM SUPPLIES TECNOLOGIA LTDA","28/08/2023","28/08/2026","R$ 27.500,00","1","R$ 27.500,00"
"24000 - MINISTERIO DA CIENCIA, TECNOLOGIA E INOVAC","240129 - CTI/MCTI","00372/2022","05.213.235/0001-85 - INTERQUATTRI INFORMATICA E TELECOMUNICACOES LTDA","06/01/2023","06/01/2026","R$ 269.280,00","1","R$ 269.280,00"
"24000 - MINISTERIO DA CIENCIA, TECNOLOGIA E INOVAC","240129 - CTI/MCTI","00375/2022","07.157.915/0001-54 - ACC BRASIL INDUSTRIA E COMERCIO DE COMPUTADORES LTDA","06/01/2023","06/01/2026","R$ 249.990,00","1","R$ 249.990,00"
"24000 - MINISTERIO DA CIENCIA, TECNOLOGIA E INOVAC","240129 - CTI/MCTI","00397/2024","30.949.272/0001-01 - GSTN TELECOMUNICACOES LTDA","27/11/2024","26/11/2025","R$ 10.800,00","12","R$ 900,00"
"24000 - MINISTERIO DA CIENCIA, TECNOLOGIA E INOVAC","240129 - CTI/MCTI","00387/2023","11.615.516/0001-67 - INOVA CONSULTORIA, CURSOS E EVENTOS LTDA","03/02/2024","02/02/2026","R$ 30.000,00","1","R$ 30.000,00"
"24000 - MINISTERIO DA CIENCIA, TECNOLOGIA E INOVAC","240129 - CTI/MCTI","00373/2022","38.504.819/0001-69 - FRP COMERCIO E SERVICOS DE INFORMATICA LTDA","06/01/2023","06/01/2026","R$ 18.000,00","1","R$ 18.000,00"
"24000 - MINISTERIO DA CIENCIA, TECNOLOGIA E INOVAC","240129 - CTI/MCTI","00385/2023","54.663.836/0001-03 - TRTEC INFORMATICA LTDA","17/11/2023","16/11/2025","R$ 57.900,00","1","R$ 57.900,00"
"24000 - MINISTERIO DA CIENCIA, TECNOLOGIA E INOVAC","240137 - CETENE/MCTI","00020/2020","86.789.674/0001-32 - COMPULAB TECNOLOGIA LTDA","23/11/2020","22/11/2025","R$ 177.804,67","12","R$ 14.817,06"
"24000 - MINISTERIO DA CIENCIA, TECNOLOGIA E INOVAC","240137 - CETENE/MCTI","00010/2022","81.243.735/0009-03 - POSITIVO TECNOLOGIA S.A.","09/12/2022","09/12/2023","R$ 267.260,00","1","R$ 267.260,00"
"24000 - MINISTERIO DA CIENCIA, TECNOLOGIA E INOVAC","240137 - CETENE/MCTI","00002/2020","08.195.991/0001-17 - VERSATUS - SOLUCOES E SUPORTE EM REDES E COMPUTACAO DE ALTA PERFORMANCE LTDA","31/07/2020","30/07/2021","R$ 69.981,21","12","R$ 5.831,77"
"24000 - MINISTERIO DA CIENCIA, TECNOLOGIA E INOVAC","240137 - CETENE/MCTI","00009/2022","08.195.991/0001-17 - VERSATUS - SOLUCOES E SUPORTE EM REDES E COMPUTACAO DE ALTA PERFORMANCE LTDA","01/11/2022","01/11/2025","R$ 22.500,00","1","R$ 22.500,00"
"24000 - MINISTERIO DA CIENCIA, TECNOLOGIA E INOVAC","240224 - CEMADEN/MCTI","00031/2020","04.602.789/0001-01 - DATEN TECNOLOGIA LTDA","31/12/2020","29/06/2021","R$ 644.640,00","1","R$ 644.640,00"
"24000 - MINISTERIO DA CIENCIA, TECNOLOGIA E INOVAC","240224 - CEMADEN/MCTI","00032/2020","01.259.682/0001-14 - FA LIMA INFORMATICA","31/12/2020","29/06/2021","R$ 71.975,00","1","R$ 71.975,00"
"24000 - MINISTERIO DA CIENCIA, TECNOLOGIA E INOVAC","240224 - CEMADEN/MCTI","00012/2024","05.455.436/0001-99 - A. G. PALIS LTDA","22/11/2024","22/11/2025","R$ 27.285,00","1","R$ 27.285,00"
"24000 - MINISTERIO DA CIENCIA, TECNOLOGIA E INOVAC","240224 - CEMADEN/MCTI","00036/2020","36.310.930/0001-99 - Y S DIAS COMERCIO DE PAPELARIA","31/12/2020","29/06/2021","R$ 650,00","1","R$ 650,00"
"24000 - MINISTERIO DA CIENCIA, TECNOLOGIA E INOVAC","240224 - CEMADEN/MCTI","00013/2024","54.419.299/0001-42 - ROBSON DOS SANTOS ZANUTO LTDA","04/12/2024","04/12/2025","R$ 59.730,00","1","R$ 59.730,00"
"24000 - MINISTERIO DA CIENCIA, TECNOLOGIA E INOVAC","240224 - CEMADEN/MCTI","00001/2024","89.237.911/0001-40 - GLOBAL DISTRIBUICAO DE BENS DE CONSUMO LTDA.","30/01/2024","30/01/2025","R$ 54.504,00","1","R$ 54.504,00"
"24000 - MINISTERIO DA CIENCIA, TECNOLOGIA E INOVAC","240224 - CEMADEN/MCTI","00010/2021","07.171.299/0001-96 - CENTRAL IT TECNOLOGIA DA INFORMACAO S/A","22/07/2021","22/07/2022","R$ 1.699.717,20","1","R$ 1.699.717,20"
"24000 - MINISTERIO DA CIENCIA, TECNOLOGIA E INOVAC","240224 - CEMADEN/MCTI","00035/2020","24.884.690/0001-57 - RAPHAEL SILVA ARAUJO","31/12/2020","29/06/2021","R$ 13.040,00","1","R$ 13.040,00"
"24000 - MINISTERIO DA CIENCIA, TECNOLOGIA E INOVAC","240224 - CEMADEN/MCTI","00028/2021","08.437.917/0001-60 - TTI INFORMATICA REPRESENTACAO E CONSULTORIA LTDA","30/12/2021","28/06/2022","R$ 519.800,00","1","R$ 519.800,00"
"24000 - MINISTERIO DA CIENCIA, TECNOLOGIA E INOVAC","240224 - CEMADEN/MCTI","00034/2020","10.190.017/0001-02 - EDMUR RODRIGUES SILVEIRA","31/12/2020","29/06/2021","R$ 33.660,00","1","R$ 33.660,00"
"24000 - MINISTERIO DA CIENCIA, TECNOLOGIA E INOVAC","240224 - CEMADEN/MCTI","00033/2020","04.567.265/0001-27 - SCORPION INFORMATICA LTDA","31/12/2020","29/06/2021","R$ 2.188,52","1","R$ 2.188,52"
"24000 - MINISTERIO DA CIENCIA, TECNOLOGIA E INOVAC","240105 - INPA/MCTI","00023/2024","14.630.251/0001-64 - INTERCONTROLE SERVICOS ADMINISTRATIVOS EMPRESARIAIS LTDA","31/03/2025","31/03/2026","R$ 26.800,00","1","R$ 26.800,00"
"24000 - MINISTERIO DA CIENCIA, TECNOLOGIA E INOVAC","240105 - INPA/MCTI","00012/2022","04.602.789/0001-01 - DATEN TECNOLOGIA LTDA","10/10/2022","09/10/2023","R$ 240.380,00","1","R$ 240.380,00"
"24000 - MINISTERIO DA CIENCIA, TECNOLOGIA E INOVAC","240105 - INPA/MCTI","00001/2023","15.025.223/0001-80 - CATTEDRA SOLUCOES EM TI LTDA","20/01/2023","20/01/2024","R$ 114.300,00","1","R$ 114.300,00"
"24000 - MINISTERIO DA CIENCIA, TECNOLOGIA E INOVAC","240105 - INPA/MCTI","00020/2024","15.072.905/0001-44 - GR7 TECNOLOGIA LTDA","11/02/2025","11/02/2026","R$ 57.990,00","1","R$ 57.990,00"
"24000 - MINISTERIO DA CIENCIA, TECNOLOGIA E INOVAC","240105 - INPA/MCTI","00024/2024","06.185.990/0001-66 - SILVIO MANCUSI","27/01/2025","27/01/2026","R$ 17.686,88","1","R$ 17.686,88"
"24000 - MINISTERIO DA CIENCIA, TECNOLOGIA E INOVAC","240105 - INPA/MCTI","00009/2021","72.381.189/0010-01 - DELL COMPUTADORES DO BRASIL LTDA","15/04/2021","15/04/2022","R$ 247.310,00","1","R$ 247.310,00"
"24000 - MINISTERIO DA CIENCIA, TECNOLOGIA E INOVAC","240105 - INPA/MCTI","00019/2019","15.816.937/0001-07 - ERIDATA COMERCIO DE MATERIAIS ELETRONICOS LTDA","25/11/2019","25/11/2025","R$ 251.958,84","1","R$ 251.958,84"
"24000 - MINISTERIO DA CIENCIA, TECNOLOGIA E INOVAC","240105 - INPA/MCTI","00025/2021","04.892.991/0001-15 - TELTEC SOLUTIONS LTDA","26/11/2021","26/11/2022","R$ 75.223,25","1","R$ 75.223,25"
"24000 - MINISTERIO DA CIENCIA, TECNOLOGIA E INOVAC","240105 - INPA/MCTI","00001/2025","15.025.223/0001-80 - CATTEDRA SOLUCOES EM TI LTDA","28/02/2025","28/02/2026","R$ 146.790,00","1","R$ 146.790,00"
"24000 - MINISTERIO DA CIENCIA, TECNOLOGIA E INOVAC","240105 - INPA/MCTI","00018/2024","03.627.226/0001-05 - DSS SERVICOS DE TECNOLOGIA DA INFORMACAO LTDA EM RECUPERACAO JUDICIAL","02/12/2024","02/12/2027","R$ 957.000,00","1","R$ 957.000,00"
"24000 - MINISTERIO DA CIENCIA, TECNOLOGIA E INOVAC","240105 - INPA/MCTI","00003/2021","05.352.726/0001-07 - SYSTEMSCOPY LTDA","01/03/2021","01/03/2026","R$ 118.893,96","1","R$ 118.893,96"
"24000 - MINISTERIO DA CIENCIA, TECNOLOGIA E INOVAC","240105 - INPA/MCTI","00030/2023","04.198.254/0001-17 - MCR SISTEMAS E CONSULTORIA LTDA","08/11/2023","08/11/2026","R$ 293.660,65","1","R$ 293.660,65"
"24000 - MINISTERIO DA CIENCIA, TECNOLOGIA E INOVAC","240105 - INPA/MCTI","00014/2024","12.477.490/0002-81 - LIDER NOTEBOOKS COMERCIO E SERVICOS LTDA","18/11/2024","18/11/2025","R$ 521.380,00","1","R$ 521.380,00"
"24000 - MINISTERIO DA CIENCIA, TECNOLOGIA E INOVAC","240105 - INPA/MCTI","00012/2024","19.615.240/0001-29 - E C DE S BULGARELLI LTDA","01/10/2024","01/10/2025","R$ 7.780,00","1","R$ 7.780,00"
"24000 - MINISTERIO DA CIENCIA, TECNOLOGIA E INOVAC","240105 - INPA/MCTI","00022/2024","03.984.954/0001-74 - MN TECNOLOGIA E TREINAMENTO LTDA","18/03/2025","18/03/2028","R$ 53.460,00","1","R$ 53.460,00"
"24000 - MINISTERIO DA CIENCIA, TECNOLOGIA E INOVAC","240105 - INPA/MCTI","00013/2022","07.275.920/0001-61 - LENOVO TECNOLOGIA (BRASIL) LIMITADA","10/10/2022","09/10/2023","R$ 229.950,00","1","R$ 229.950,00"
"24000 - MINISTERIO DA CIENCIA, TECNOLOGIA E INOVAC","240101 - COORD.GER.REC.LOG.","00010/2025","07.094.346/0001-45 - G4F SOLUCOES CORPORATIVAS LTDA","30/04/2025","30/04/2026","R$ 6.146.302,46","1","R$ 6.146.302,46"
"24000 - MINISTERIO DA CIENCIA, TECNOLOGIA E INOVAC","240101 - COORD.GER.REC.LOG.","00007/2024","00.665.620/0001-40 - EFICACIA ORGANIZACAO LTDA","27/05/2024","27/05/2026","R$ 26.950,00","1","R$ 26.950,00"
"24000 - MINISTERIO DA CIENCIA, TECNOLOGIA E INOVAC","240101 - COORD.GER.REC.LOG.","00011/2025","04.929.322/0001-70 - LAYER TECNOLOGIA DA INFORMACAO LTDA","30/04/2025","30/04/2028","R$ 936.000,00","36","R$ 26.000,00"
"24000 - MINISTERIO DA CIENCIA, TECNOLOGIA E INOVAC","240101 - COORD.GER.REC.LOG.","00049/2022","11.615.516/0001-67 - INOVA CONSULTORIA, CURSOS E EVENTOS LTDA","30/12/2022","30/12/2025","R$ 30.000,00","12","R$ 2.500,00"
"24000 - MINISTERIO DA CIENCIA, TECNOLOGIA E INOVAC","240101 - COORD.GER.REC.LOG.","00015/2022","57.142.978/0001-05 - BRASOFTWARE INFORMATICA LTDA","12/08/2022","12/08/2025","R$ 3.648.061,50","1","R$ 3.648.061,50"
"24000 - MINISTERIO DA CIENCIA, TECNOLOGIA E INOVAC","240101 - COORD.GER.REC.LOG.","00019/2021","04.602.789/0001-01 - DATEN TECNOLOGIA LTDA","31/12/2021","31/12/2022","R$ 68.680,00","1","R$ 68.680,00"
"24000 - MINISTERIO DA CIENCIA, TECNOLOGIA E INOVAC","240101 - COORD.GER.REC.LOG.","00030/2024","04.198.254/0001-17 - MCR SISTEMAS E CONSULTORIA LTDA","27/12/2024","27/12/2027","R$ 613.745,00","1","R$ 613.745,00"
"24000 - MINISTERIO DA CIENCIA, TECNOLOGIA E INOVAC","240101 - COORD.GER.REC.LOG.","00017/2021","05.673.799/0001-09 - PPN TECNOLOGIA E INFORMATICA LTDA","27/12/2021","27/12/2025","R$ 329.259,90","1","R$ 329.259,90"
"24000 - MINISTERIO DA CIENCIA, TECNOLOGIA E INOVAC","240101 - COORD.GER.REC.LOG.","00006/2025","33.683.111/0001-07 - SERVICO FEDERAL DE PROCESSAMENTO DE DADOS (SERPRO)","27/03/2025","27/03/2026","R$ 418.314,53","1","R$ 418.314,53"
"24000 - MINISTERIO DA CIENCIA, TECNOLOGIA E INOVAC","240101 - COORD.GER.REC.LOG.","00005/2025","01.628.251/0001-88 - ALUCOM LTDA","28/01/2025","28/01/2029","R$ 1.068.410,64","48","R$ 22.258,55"
"24000 - MINISTERIO DA CIENCIA, TECNOLOGIA E INOVAC","240101 - COORD.GER.REC.LOG.","00023/2023","33.683.111/0001-07 - SERVICO FEDERAL DE PROCESSAMENTO DE DADOS (SERPRO)","05/12/2023","05/12/2025","R$ 17.533,48","12","R$ 1.461,12"
"24000 - MINISTERIO DA CIENCIA, TECNOLOGIA E INOVAC","240101 - COORD.GER.REC.LOG.","00024/2020","07.953.689/0001-18 - FAGUNDEZ DISTRIBUICAO LTDA","30/12/2020","30/12/2021","R$ 397.676,00","12","R$ 33.139,67"
"24000 - MINISTERIO DA CIENCIA, TECNOLOGIA E INOVAC","240101 - COORD.GER.REC.LOG.","00018/2021","22.797.545/0001-03 - LENOVO COMERCIAL E DISTRIBUICAO LIMITADA","31/12/2021","31/12/2022","R$ 262.800,00","1","R$ 262.800,00"
"24000 - MINISTERIO DA CIENCIA, TECNOLOGIA E INOVAC","240101 - COORD.GER.REC.LOG.","00006/2018","69.112.514/0001-35 - PRIMASOFT INFORMATICA LTDA.","10/04/2018","10/04/2023","R$ 9.690,95","1","R$ 9.690,95"
"24000 - MINISTERIO DA CIENCIA, TECNOLOGIA E INOVAC","240101 - COORD.GER.REC.LOG.","00004/2020","806030 - SERPRO - SEDE - BRASILIA","30/03/2020","30/03/2025","R$ 521.854,01","12","R$ 43.487,83"
"24000 - MINISTERIO DA CIENCIA, TECNOLOGIA E INOVAC","240101 - COORD.GER.REC.LOG.","00007/2021","11.777.162/0001-57 - BASIS TECNOLOGIA DA INFORMACAO S.A.","28/05/2021","28/05/2025","R$ 15.191.718,00","12","R$ 1.265.976,50"
"24000 - MINISTERIO DA CIENCIA, TECNOLOGIA E INOVAC","240101 - COORD.GER.REC.LOG.","00025/2020","81.243.735/0019-77 - POSITIVO TECNOLOGIA S.A.","31/12/2020","31/12/2021","R$ 13.368.698,96","12","R$ 1.114.058,25"
"24000 - MINISTERIO DA CIENCIA, TECNOLOGIA E INOVAC","240101 - COORD.GER.REC.LOG.","00033/2018","04.610.386/0001-04 - WORK LINK INFORMATICA LTDA","27/12/2018","27/12/2023","R$ 5.337.098,02","12","R$ 444.758,17"
"24000 - MINISTERIO DA CIENCIA, TECNOLOGIA E INOVAC","240101 - COORD.GER.REC.LOG.","00023/2020","37.074.796/0001-37 - DEXION INFORMATICA LTDA","30/12/2020","30/12/2022","R$ 4.800,00","12","R$ 400,00"
"24000 - MINISTERIO DA CIENCIA, TECNOLOGIA E INOVAC","240101 - COORD.GER.REC.LOG.","00033/2017","04.929.322/0001-70 - LAYER TECNOLOGIA DA INFORMACAO LTDA","04/12/2017","04/12/2022","R$ 100.243,00","12","R$ 8.353,58"
"24000 - MINISTERIO DA CIENCIA, TECNOLOGIA E INOVAC","240101 - COORD.GER.REC.LOG.","00031/2022","04.198.254/0001-17 - MCR SISTEMAS E CONSULTORIA LTDA","28/12/2022","28/12/2025","R$ 280.960,00","1","R$ 280.960,00"
"24000 - MINISTERIO DA CIENCIA, TECNOLOGIA E INOVAC","240101 - COORD.GER.REC.LOG.","00027/2022","13.183.749/0001-63 - MINHA BIBLIOTECA LTDA.","19/12/2022","19/12/2025","R$ 52.020,00","1","R$ 52.020,00"
"24000 - MINISTERIO DA CIENCIA, TECNOLOGIA E INOVAC","240101 - COORD.GER.REC.LOG.","00004/2016","33.683.111/0002-80 - SERVICO FEDERAL DE PROCESSAMENTO DE DADOS (SERPRO)","25/04/2016","25/04/2021","R$ 101.439,05","1","R$ 0,00"
"24000 - MINISTERIO DA CIENCIA, TECNOLOGIA E INOVAC","240101 - COORD.GER.REC.LOG.","00002/2021","11.777.162/0001-57 - BASIS TECNOLOGIA DA INFORMACAO S.A.","22/01/2021","22/01/2026","R$ 2.859.840,00","12","R$ 238.320,00"
"24000 - MINISTERIO DA CIENCIA, TECNOLOGIA E INOVAC","240101 - COORD.GER.REC.LOG.","00028/2020","72.381.189/0010-01 - DELL COMPUTADORES DO BRASIL LTDA","31/12/2020","31/12/2021","R$ 141.320,00","1","R$ 141.320,00"
"24000 - MINISTERIO DA CIENCIA, TECNOLOGIA E INOVAC","240101 - COORD.GER.REC.LOG.","00012/2018","26.025.401/0001-90 - BLUE EYE SOLUCOES EM TECNOLOGIA LTDA","16/04/2018","17/04/2023","R$ 2.190.397,00","12","R$ 182.533,08"
"24000 - MINISTERIO DA CIENCIA, TECNOLOGIA E INOVAC","240101 - COORD.GER.REC.LOG.","00031/2018","00.665.620/0001-40 - EFICACIA ORGANIZACAO LTDA","17/12/2018","17/12/2023","R$ 103.080,00","12","R$ 8.590,00"
"24000 - MINISTERIO DA CIENCIA, TECNOLOGIA E INOVAC","240101 - COORD.GER.REC.LOG.","00015/2021","04.198.254/0001-17 - MCR SISTEMAS E CONSULTORIA LTDA","01/12/2021","01/12/2024","R$ 577.200,00","1","R$ 577.200,00"
"24000 - MINISTERIO DA CIENCIA, TECNOLOGIA E INOVAC","240101 - COORD.GER.REC.LOG.","00032/2018","57.142.978/0001-05 - BRASOFTWARE INFORMATICA LTDA","24/12/2018","24/12/2021","R$ 5.454.518,50","36","R$ 151.514,40"
"24000 - MINISTERIO DA CIENCIA, TECNOLOGIA E INOVAC","240101 - COORD.GER.REC.LOG.","00021/2017","11.615.516/0001-67 - INOVA CONSULTORIA, CURSOS E EVENTOS LTDA","10/10/2017","10/10/2022","R$ 24.000,00","1","R$ 24.000,00"
"24000 - MINISTERIO DA CIENCIA, TECNOLOGIA E INOVAC","240101 - COORD.GER.REC.LOG.","00020/2023","81.243.735/0019-77 - POSITIVO TECNOLOGIA S.A.","09/11/2023","09/11/2024","R$ 17.785,00","1","R$ 17.785,00"
"24000 - MINISTERIO DA CIENCIA, TECNOLOGIA E INOVAC","240101 - COORD.GER.REC.LOG.","00026/2020","04.602.789/0001-01 - DATEN TECNOLOGIA LTDA","31/12/2020","31/12/2021","R$ 49.475.940,00","12","R$ 4.122.995,00"
"24000 - MINISTERIO DA CIENCIA, TECNOLOGIA E INOVAC","240101 - COORD.GER.REC.LOG.","00005/2019","01.011.976/0001-22 - ORION ENGENHARIA E TECNOLOGIA S/A","05/04/2019","05/04/2024","R$ 1.025.094,70","12","R$ 85.424,56"
"24000 - MINISTERIO DA CIENCIA, TECNOLOGIA E INOVAC","240101 - COORD.GER.REC.LOG.","00027/2020","81.243.735/0009-03 - POSITIVO TECNOLOGIA S.A.","31/12/2020","31/12/2021","R$ 1.348.780,00","1","R$ 1.348.780,00"
"24000 - MINISTERIO DA CIENCIA, TECNOLOGIA E INOVAC","240101 - COORD.GER.REC.LOG.","00018/2023","81.243.735/0009-03 - POSITIVO TECNOLOGIA S.A.","09/11/2023","09/11/2024","R$ 899.429,00","1","R$ 899.429,00"
"24000 - MINISTERIO DA CIENCIA, TECNOLOGIA E INOVAC","240101 - COORD.GER.REC.LOG.","00019/2023","59.717.553/0006-17 - GRUPO MULTI S.A","09/11/2023","09/11/2024","R$ 255.300,00","1","R$ 255.300,00"
"24000 - MINISTERIO DA CIENCIA, TECNOLOGIA E INOVAC","240101 - COORD.GER.REC.LOG.","00008/2019","07.171.299/0001-96 - CENTRAL IT TECNOLOGIA DA INFORMACAO S/A","01/07/2019","01/07/2024","R$ 3.082.119,54","1","R$ 3.082.119,54"
"24000 - MINISTERIO DA CIENCIA, TECNOLOGIA E INOVAC","240101 - COORD.GER.REC.LOG.","00003/2021","34.524.579/0001-03 - R V BIFULCO E CIA LTDA","04/02/2021","04/02/2025","R$ 15.390,00","12","R$ 1.282,50"
"24000 - MINISTERIO DA CIENCIA, TECNOLOGIA E INOVAC","240101 - COORD.GER.REC.LOG.","00021/2020","806030 - SERPRO - SEDE - BRASILIA","31/03/2020","31/03/2025","R$ 422.761,32","12","R$ 35.230,11"
"24000 - MINISTERIO DA CIENCIA, TECNOLOGIA E INOVAC","240101 - COORD.GER.REC.LOG.","00022/2018","07.171.299/0001-96 - CENTRAL IT TECNOLOGIA DA INFORMACAO S/A","27/07/2018","27/07/2024","R$ 11.578.626,60","12","R$ 964.885,55"