"Órgão","Unidade Gestora","Número Contrato","Fornecedor","Vig. Início","Vig. Fim","Valor Global","Núm. Parcelas","Valor Parcela"
"56000 - MINISTERIO DAS CIDADES","560010 - CGSL-MCID","00004/2025","33.683.111/0001-07 - SERVICO FEDERAL DE PROCESSAMENTO DE DADOS (SERPRO)","04/04/2025","04/04/2028","R$ 1.460.160,00","1","R$ 1.460.160,00"
"56000 - MINISTERIO DAS CIDADES","560010 - CGSL-MCID","00010/2023","57.142.978/0001-05 - BRASOFTWARE INFORMATICA LTDA","05/12/2023","05/12/2026","R$ 6.219.945,11","1","R$ 6.219.945,11"
"56000 - MINISTERIO DAS CIDADES","560010 - CGSL-MCID","00019/2023","57.229.601/0001-98 - TELESUL TELECOMUNICACOES LTDA","30/12/2023","30/12/2026","R$ 4.690.756,00","1","R$ 4.690.756,00"
"56000 - MINISTERIO DAS CIDADES","560010 - CGSL-MCID","00005/2025","01.628.251/0001-88 - ALUCOM LTDA","08/05/2025","08/05/2026","R$ 74.412,71","1","R$ 74.412,71"
"56000 - MINISTERIO DAS CIDADES","560010 - CGSL-MCID","00009/2023","06.043.786/0001-00 - RNL TRADE AND FACILITIES LTDA","01/12/2023","01/06/2024","R$ 45.900,00","1","R$ 45.900,00"
"56000 - MINISTERIO DAS CIDADES","560010 - CGSL-MCID","00013/2024","38.292.523/0001-21 - BRIGHT TELECOM LTDA","18/10/2024","18/10/2025","R$ 15.000,00","1","R$ 15.000,00"
"56000 - MINISTERIO DAS CIDADES","560010 - CGSL-MCID","00014/2024","07.171.299/0001-96 - CENTRAL IT TECNOLOGIA DA INFORMACAO S/A","04/12/2024","04/12/2026","R$ 8.877.544,08","1","R$ 8.877.544,08"
"56000 - MINISTERIO DAS CIDADES","560010 - CGSL-MCID","00004/2023","40.432.544/0001-47 - CLARO S.A.","25/10/2023","25/04/2026","R$ 603.360,00","1","R$ 603.360,00"
"56000 - MINISTERIO DAS CIDADES","560010 - CGSL-MCID","00006/2023","81.243.735/0019-77 - POSITIVO TECNOLOGIA S.A.","08/11/2023","08/11/2024","R$ 462.410,00","1","R$ 462.410,00"
"56000 - MINISTERIO DAS CIDADES","560010 - CGSL-MCID","00007/2023","81.243.735/0009-03 - POSITIVO TECNOLOGIA S.A.","08/11/2023","08/10/2024","R$ 1.909.000,00","1","R$ 1.909.000,00"