"Órgão","Unidade Gestora","Número Contrato","Fornecedor","Vig. Início","Vig. Fim","Valor Global","Núm. Parcelas","Valor Parcela"
"32000 - MINISTERIO DE MINAS E ENERGIA","320004 - CSG/M.M.E","00001/2021","03.822.315/0002-93 - F9C SECURITY LTDA","11/01/2021","11/01/2022","R$ 482.931,00","1","R$ 482.931,00"
"32000 - MINISTERIO DE MINAS E ENERGIA","320004 - CSG/M.M.E","00002/2024","35.473.014/0001-07 - TELEFONICA CLOUD E TECNOLOGIA DO BRASIL S.A.","09/01/2024","09/01/2029","R$ 8.237.651,40","60","R$ 8.237.651,40"
"32000 - MINISTERIO DE MINAS E ENERGIA","320004 - CSG/M.M.E","00005/2021","72.381.189/0001-10 - DELL COMPUTADORES DO BRASIL LTDA","24/03/2021","23/03/2023","R$ 442.260,00","1","R$ 442.260,00"
"32000 - MINISTERIO DE MINAS E ENERGIA","320004 - CSG/M.M.E","00005/2023","01.936.069/0010-85 - DIGISYSTEM SERVICOS ESPECIALIZADOS LTDA","12/07/2023","12/07/2025","R$ 6.907.326,60","1","R$ 6.907.326,60"
"32000 - MINISTERIO DE MINAS E ENERGIA","320004 - CSG/M.M.E","00014/2023","59.717.553/0006-17 - GRUPO MULTI S.A","09/11/2023","09/11/2024","R$ 241.500,00","1","R$ 241.500,00"
"32000 - MINISTERIO DE MINAS E ENERGIA","320004 - CSG/M.M.E","00019/2022","68.558.972/0001-30 - G L S ENGENHARIA E CONSULTORIA LTDA","13/12/2022","13/12/2025","R$ 259.660,46","1","R$ 259.660,46"
"32000 - MINISTERIO DE MINAS E ENERGIA","320004 - CSG/M.M.E","00020/2019","806030 - SERPRO - SEDE - BRASILIA","17/10/2019","17/10/2024","R$ 448.503,14","12","R$ 37.375,26"
"32000 - MINISTERIO DE MINAS E ENERGIA","320004 - CSG/M.M.E","00021/2017","37.057.387/0001-22 - HEPTA TECNOLOGIA E INFORMATICA LTDA","01/08/2017","01/08/2023","R$ 7.631.365,68","1","R$ 7.631.365,68"
"32000 - MINISTERIO DE MINAS E ENERGIA","320004 - CSG/M.M.E","00025/2021","04.929.322/0001-70 - LAYER TECNOLOGIA DA INFORMACAO LTDA","14/12/2021","14/12/2022","R$ 2.301.022,00","1","R$ 2.301.022,00"
"32000 - MINISTERIO DE MINAS E ENERGIA","320004 - CSG/M.M.E","00031/2017","26.025.401/0001-90 - BLUE EYE SOLUCOES EM TECNOLOGIA LTDA","11/12/2017","11/12/2022","R$ 331.251,82","1","R$ 331.251,82"
"32000 - MINISTERIO DE MINAS E ENERGIA","320004 - CSG/M.M.E","00037/2024","81.243.735/0019-77 - POSITIVO TECNOLOGIA S.A.","30/12/2024","30/12/2025","R$ 822.160,00","1","R$ 822.160,00"
"32000 - MINISTERIO DE MINAS E ENERGIA","320004 - CSG/M.M.E","00038/2024","03.017.428/0001-35 - NCT INFORMATICA LTDA","30/12/2024","30/12/2025","R$ 790.696,95","1","R$ 790.696,95"
"32000 - MINISTERIO DE MINAS E ENERGIA","320004 - CSG/M.M.E","00040/2024","04.602.789/0001-01 - DATEN TECNOLOGIA LTDA","31/12/2024","31/12/2025","R$ 3.876.582,96","1","R$ 3.876.582,96"