"Órgão","Unidade Gestora","Número Contrato","Fornecedor","Vig. Início","Vig. Fim","Valor Global","Núm. Parcelas","Valor Parcela"
"81000 - MINISTERIO DOS DIREITOS HUMANOS E CIDADANI","810005 - CGL/MDH","00049/2018","01.134.191/0003-09 - SERVIX INFORMATICA LTDA","26/12/2018","25/12/2023","R$ 473.534,00","1","R$ 473.534,00"
"81000 - MINISTERIO DOS DIREITOS HUMANOS E CIDADANI","810005 - CGL/MDH","00008/2019","11.914.229/0001-58 - JOIN TECNOLOGIA DA INFORMATICA LTDA","12/03/2019","11/03/2025","R$ 6.798.708,35","1","R$ 6.798.708,35"
"81000 - MINISTERIO DOS DIREITOS HUMANOS E CIDADANI","810005 - CGL/MDH","00065/2022","00.545.482/0001-65 - NETWORLD TELECOMUNICACOES DO BRASIL LTDA","19/08/2022","18/08/2024","R$ 12.349,92","12","R$ 1.029,16"
"81000 - MINISTERIO DOS DIREITOS HUMANOS E CIDADANI","810005 - CGL/MDH","00072/2020","37.131.927/0001-70 - NORTHWARE COMERCIO E SERVICOS LTDA","27/11/2020","30/06/2024","R$ 3.066.834,00","1","R$ 3.066.834,00"
"81000 - MINISTERIO DOS DIREITOS HUMANOS E CIDADANI","810005 - CGL/MDH","00074/2020","37.131.927/0001-70 - NORTHWARE COMERCIO E SERVICOS LTDA","01/12/2020","30/11/2022","R$ 278.307,00","1","R$ 278.307,00"
"81000 - MINISTERIO DOS DIREITOS HUMANOS E CIDADANI","810005 - CGL/MDH","00124/2020","72.381.189/0010-01 - DELL COMPUTADORES DO BRASIL LTDA","31/12/2020","30/12/2021","R$ 1.035.169,00","1","R$ 1.035.169,00"
"81000 - MINISTERIO DOS DIREITOS HUMANOS E CIDADANI","810005 - CGL/MDH","00125/2020","04.602.789/0001-01 - DATEN TECNOLOGIA LTDA","31/12/2020","30/12/2021","R$ 160.860,00","1","R$ 160.860,00"
"81000 - MINISTERIO DOS DIREITOS HUMANOS E CIDADANI","810005 - CGL/MDH","00126/2020","07.953.689/0001-18 - FAGUNDEZ DISTRIBUICAO LTDA","31/12/2020","30/12/2021","R$ 285.332,53","1","R$ 285.332,53"
"81000 - MINISTERIO DOS DIREITOS HUMANOS E CIDADANI","810005 - CGL/MDH","00007/2018","806030 - SERPRO - SEDE - BRASILIA","08/03/2018","07/03/2022","R$ 584.903,64","1","R$ 584.903,64"
"81000 - MINISTERIO DOS DIREITOS HUMANOS E CIDADANI","810005 - CGL/MDH","00050/2020","37.131.927/0001-70 - NORTHWARE COMERCIO E SERVICOS LTDA","27/07/2020","26/07/2021","R$ 204.000,00","1","R$ 204.000,00"
"81000 - MINISTERIO DOS DIREITOS HUMANOS E CIDADANI","810005 - CGL/MDH","00009/2019","26.990.812/0001-15 - TECNISYS INFORMATICA E ASSESSORIA EMPRESARIAL LTDA.","12/03/2019","11/03/2025","R$ 1.042.781,08","1","R$ 1.042.781,08"
"81000 - MINISTERIO DOS DIREITOS HUMANOS E CIDADANI","810005 - CGL/MDH","00116/2020","37.131.927/0001-70 - NORTHWARE COMERCIO E SERVICOS LTDA","22/12/2020","21/12/2021","R$ 193.800,00","1","R$ 193.800,00"
"81000 - MINISTERIO DOS DIREITOS HUMANOS E CIDADANI","810005 - CGL/MDH","00086/2020","27.044.495/0001-07 - PA COMERCIO E SERVICOS GERAIS LTDA","02/12/2020","01/12/2021","R$ 89.700,00","1","R$ 89.700,00"
"81000 - MINISTERIO DOS DIREITOS HUMANOS E CIDADANI","810005 - CGL/MDH","00088/2020","27.044.495/0001-07 - PA COMERCIO E SERVICOS GERAIS LTDA","02/12/2020","01/12/2021","R$ 6.000,00","1","R$ 6.000,00"
"81000 - MINISTERIO DOS DIREITOS HUMANOS E CIDADANI","810005 - CGL/MDH","00114/2020","15.838.111/0001-49 - MARYLEIDE FONSECA ALMEIDA LTDA","23/12/2020","22/12/2021","R$ 4.680,00","1","R$ 4.680,00"
"81000 - MINISTERIO DOS DIREITOS HUMANOS E CIDADANI","810005 - CGL/MDH","00115/2020","27.044.495/0001-07 - PA COMERCIO E SERVICOS GERAIS LTDA","23/12/2020","22/12/2021","R$ 10.800,00","1","R$ 10.800,00"
"81000 - MINISTERIO DOS DIREITOS HUMANOS E CIDADANI","810005 - CGL/MDH","00108/2020","05.569.913/0001-47 - ENEAS JOSE ASSIS VELOZO REZENDE","14/12/2020","13/12/2021","R$ 4.260,00","1","R$ 4.260,00"
"81000 - MINISTERIO DOS DIREITOS HUMANOS E CIDADANI","810005 - CGL/MDH","00028/2018","04.929.322/0001-70 - LAYER TECNOLOGIA DA INFORMACAO LTDA","11/07/2018","10/07/2023","R$ 89.908,98","1","R$ 89.908,98"
"81000 - MINISTERIO DOS DIREITOS HUMANOS E CIDADANI","810005 - CGL/MDH","00084/2022","05.673.799/0001-09 - PPN TECNOLOGIA E INFORMATICA LTDA","05/12/2022","04/12/2026","R$ 3.830.840,00","1","R$ 3.830.840,00"
"81000 - MINISTERIO DOS DIREITOS HUMANOS E CIDADANI","810005 - CGL/MDH","00002/2024","35.486.862/0001-50 - MOVX TECNOLOGIA LTDA","18/01/2024","17/01/2025","R$ 56.004,00","1","R$ 56.004,00"
"81000 - MINISTERIO DOS DIREITOS HUMANOS E CIDADANI","810005 - CGL/MDH","00076/2020","37.131.927/0001-70 - NORTHWARE COMERCIO E SERVICOS LTDA","27/11/2020","26/11/2023","R$ 682.125,00","1","R$ 682.125,00"
"81000 - MINISTERIO DOS DIREITOS HUMANOS E CIDADANI","810005 - CGL/MDH","00071/2020","04.198.254/0001-17 - MCR SISTEMAS E CONSULTORIA LTDA","26/11/2020","25/11/2024","R$ 70.312,50","1","R$ 70.312,50"
"81000 - MINISTERIO DOS DIREITOS HUMANOS E CIDADANI","810005 - CGL/MDH","00007/2019","02.434.797/0001-60 - FATTO CONSULTORIA E SISTEMAS LTDA","12/03/2019","11/03/2025","R$ 209.638,37","1","R$ 209.638,37"
"81000 - MINISTERIO DOS DIREITOS HUMANOS E CIDADANI","810005 - CGL/MDH","00038/2023","57.142.978/0001-05 - BRASOFTWARE INFORMATICA LTDA","05/12/2023","04/12/2026","R$ 13.219.128,60","1","R$ 13.219.128,60"
"81000 - MINISTERIO DOS DIREITOS HUMANOS E CIDADANI","810005 - CGL/MDH","00001/2023","31.862.002/0001-13 - GLOBAL SEC. TECNOLOGIA & INFORMACAO LTDA","02/02/2023","01/02/2026","R$ 1.890.000,00","1","R$ 1.890.000,00"
"81000 - MINISTERIO DOS DIREITOS HUMANOS E CIDADANI","810005 - CGL/MDH","00113/2020","37.131.927/0001-70 - NORTHWARE COMERCIO E SERVICOS LTDA","18/12/2020","17/12/2023","R$ 174.624,00","1","R$ 174.624,00"
"81000 - MINISTERIO DOS DIREITOS HUMANOS E CIDADANI","810005 - CGL/MDH","00010/2024","67.393.181/0001-34 - IMAGEM GEOSISTEMAS E COMERCIO LTDA","04/06/2024","05/06/2025","R$ 400.611,39","1","R$ 400.611,39"
"81000 - MINISTERIO DOS DIREITOS HUMANOS E CIDADANI","810005 - CGL/MDH","00102/2020","05.889.039/0001-25 - FAST HELP INFORMATICA LTDA","09/12/2020","08/12/2021","R$ 1.560.000,00","1","R$ 1.560.000,00"
"81000 - MINISTERIO DOS DIREITOS HUMANOS E CIDADANI","810005 - CGL/MDH","00120/2020","19.877.285/0002-52 - LANLINK SOLUCOES E COMERCIALIZACAO EM INFORMATICA S/A","30/12/2020","29/12/2023","R$ 5.436.322,04","1","R$ 5.436.322,04"
"81000 - MINISTERIO DOS DIREITOS HUMANOS E CIDADANI","810005 - CGL/MDH","00073/2020","37.131.927/0001-70 - NORTHWARE COMERCIO E SERVICOS LTDA","02/12/2020","01/12/2022","R$ 9.986.310,00","1","R$ 9.986.310,00"
"81000 - MINISTERIO DOS DIREITOS HUMANOS E CIDADANI","810005 - CGL/MDH","00051/2022","21.547.011/0001-66 - ALLTECH - SOLUCOES EM TECNOLOGIA LTDA","06/06/2022","05/06/2026","R$ 806.380,29","1","R$ 806.380,29"
"81000 - MINISTERIO DOS DIREITOS HUMANOS E CIDADANI","810005 - CGL/MDH","00045/2020","21.547.011/0001-66 - ALLTECH - SOLUCOES EM TECNOLOGIA LTDA","19/06/2020","18/06/2025","R$ 558.850,00","1","R$ 558.850,00"
"81000 - MINISTERIO DOS DIREITOS HUMANOS E CIDADANI","810005 - CGL/MDH","00050/2023","07.432.517/0001-07 - SIMPRESS COMERCIO LOCACAO E SERVICOS LTDA","02/01/2024","01/07/2026","R$ 1.016.503,45","2","R$ 508.251,73"