"Órgão","Unidade Gestora","Número Contrato","Fornecedor","Vig. Início","Vig. Fim","Valor Global","Núm. Parcelas","Valor Parcela"
"25000 - MINISTERIO DA FAZENDA","170008 - PGFN/MF","00001/2018","05.510.654/0004-21 - POSITIVO S+ SOLUCOES EM TI S.A","02/01/2018","01/01/2023","R$ 3.119.808,00","12","R$ 259.984,00"
"25000 - MINISTERIO DA FAZENDA","170008 - PGFN/MF","00001/2021","11.905.103/0001-17 - LIGHTBASE SERVICOS E CONSULTORIA EM SOFTWARE PUBLICO LTDA","11/05/2021","10/05/2026","R$ 2.963.484,00","12","R$ 246.957,00"
"25000 - MINISTERIO DA FAZENDA","170008 - PGFN/MF","00001/2022","11.508.825/0001-38 - RJR SERVICOS DE INFORMATICA LTDA","20/01/2022","19/01/2027","R$ 12.985.240,00","36","R$ 360.701,11"
"25000 - MINISTERIO DA FAZENDA","170008 - PGFN/MF","00001/2023","07.171.299/0001-96 - CENTRAL IT TECNOLOGIA DA INFORMACAO S/A","23/02/2023","22/02/2026","R$ 6.433.589,76","24","R$ 268.066,24"
"25000 - MINISTERIO DA FAZENDA","201057 - CENTRAL/MGI","00001/2023","33.683.111/0001-07 - SERVICO FEDERAL DE PROCESSAMENTO DE DADOS (SERPRO)","10/05/2023","09/05/2025","R$ 4.867.512,64","1","R$ 4.867.512,64"
"25000 - MINISTERIO DA FAZENDA","170007 - SUCOP-STN","00001/2023","38.064.420/0001-04 - CYBER LABS TECNOLOGIA LTDA","24/02/2023","25/03/2026","R$ 51.800,00","1","R$ 51.800,00"
"25000 - MINISTERIO DA FAZENDA","170010 - RFB/ME","00001/2023","42.422.253/0001-01 - EMPRESA DE TECNOLOGIA E INFORMACOES DA PREVIDENCIA S.A. - DATAPREV","11/01/2023","10/01/2026","R$ 135.134.916,60","12","R$ 11.261.243,05"
"25000 - MINISTERIO DA FAZENDA","170133 - SRRF08","00001/2024","07.432.517/0001-07 - SIMPRESS COMERCIO LOCACAO E SERVICOS LTDA","01/03/2024","29/02/2028","R$ 2.406.017,83","1","R$ 2.406.017,83"
"25000 - MINISTERIO DA FAZENDA","170479 - CARF","00001/2024","03.619.767/0005-15 - TORINO INFORMATICA LTDA..","09/02/2024","09/02/2025","R$ 3.971.360,00","1","R$ 3.971.360,00"
"25000 - MINISTERIO DA FAZENDA","201057 - CENTRAL/MGI","00001/2024","413.863.608-05 - THIAGO TEIXEIRA ALVES","01/07/2024","31/12/2024","R$ 0,00","1","R$ 0,00"
"25000 - MINISTERIO DA FAZENDA","170262 - DRF S.J. DOS CAMPOS","00002/2018","07.432.517/0001-07 - SIMPRESS COMERCIO LOCACAO E SERVICOS LTDA","01/08/2018","31/07/2023","R$ 47.511,48","1","R$ 47.511,48"
"25000 - MINISTERIO DA FAZENDA","170116 - SRRF07","00002/2018","07.432.517/0001-07 - SIMPRESS COMERCIO LOCACAO E SERVICOS LTDA","24/09/2018","24/09/2023","R$ 99.001,53","12","R$ 8.250,13"
"25000 - MINISTERIO DA FAZENDA","170008 - PGFN/MF","00002/2018","07.171.299/0001-96 - CENTRAL IT TECNOLOGIA DA INFORMACAO S/A","02/01/2018","01/01/2023","R$ 881.985,00","12","R$ 73.498,75"
"25000 - MINISTERIO DA FAZENDA","170072 - DRF ARACAJU","00002/2020","02.902.072/0001-50 - QUALYCOPY COMERCIO E SERVICOS LTDA","01/04/2020","31/03/2025","R$ 121.363,20","48","R$ 2.528,40"
"25000 - MINISTERIO DA FAZENDA","170116 - SRRF07","00002/2021","07.432.517/0001-07 - SIMPRESS COMERCIO LOCACAO E SERVICOS LTDA","15/03/2021","15/03/2026","R$ 343.219,55","12","R$ 28.601,63"
"25000 - MINISTERIO DA FAZENDA","170008 - PGFN/MF","00002/2022","07.432.517/0001-07 - SIMPRESS COMERCIO LOCACAO E SERVICOS LTDA","02/05/2022","01/05/2026","R$ 2.676.769,71","24","R$ 111.532,07"
"25000 - MINISTERIO DA FAZENDA","170008 - PGFN/MF","00002/2023","05.510.654/0004-21 - POSITIVO S+ SOLUCOES EM TI S.A","14/06/2023","13/06/2025","R$ 1.182.000,00","12","R$ 98.500,00"
"25000 - MINISTERIO DA FAZENDA","170010 - RFB/ME","00002/2023","94.316.916/0005-22 - LTA-RH INFORMATICA, COMERCIO, REPRESENTACOES LTDA","12/01/2023","12/01/2024","R$ 213.200,00","1","R$ 213.200,00"
"25000 - MINISTERIO DA FAZENDA","170007 - SUCOP-STN","00002/2024","23.518.065/0001-29 - XP ON CONSULTORIA LTDA","10/05/2024","10/05/2026","R$ 196.200,00","1","R$ 196.200,00"
"25000 - MINISTERIO DA FAZENDA","170479 - CARF","00002/2024","23.880.630/0002-84 - WETALK TECNOLOGIA DA INFORMACAO LTDA","02/05/2024","02/05/2025","R$ 419.000,00","1","R$ 419.000,00"
"25000 - MINISTERIO DA FAZENDA","201057 - CENTRAL/MGI","00002/2024","04.305.879/0001-30 - S3ENG - TECNOLOGIA APLICADA A ENGENHARIA LTDA - ALTOQI","14/08/2024","13/02/2025","R$ 0,01","1","R$ 0,01"
"25000 - MINISTERIO DA FAZENDA","170040 - SRRF03","00002/2025","11.984.609/0001-69 - U.M. SOLUCOES EM IMPRESSAO LTDA.","20/01/2025","19/01/2026","R$ 19.008,12","1","R$ 19.008,12"
"25000 - MINISTERIO DA FAZENDA","170088 - SRRF06","00003/2020","07.346.326/0001-14 - REPROS SOLUCOES EM TECNOLOGIA LTDA","01/04/2020","31/03/2023","R$ 71.905,68","36","R$ 1.997,38"
"25000 - MINISTERIO DA FAZENDA","170008 - PGFN/MF","00003/2021","42.422.253/0001-01 - EMPRESA DE TECNOLOGIA E INFORMACOES DA PREVIDENCIA S.A. - DATAPREV","06/10/2021","10/06/2025","R$ 54.070.000,94","12","R$ 4.505.833,41"
"25000 - MINISTERIO DA FAZENDA","170116 - SRRF07","00003/2021","07.432.517/0001-07 - SIMPRESS COMERCIO LOCACAO E SERVICOS LTDA","15/03/2021","15/03/2026","R$ 66.937,68","12","R$ 5.578,14"
"25000 - MINISTERIO DA FAZENDA","170008 - PGFN/MF","00003/2023","07.094.346/0001-45 - G4F SOLUCOES CORPORATIVAS LTDA","20/06/2023","19/06/2025","R$ 1.293.999,84","12","R$ 107.833,32"
"25000 - MINISTERIO DA FAZENDA","170479 - CARF","00003/2024","23.518.065/0001-29 - XP ON CONSULTORIA LTDA","02/05/2024","02/05/2025","R$ 65.400,00","1","R$ 65.400,00"
"25000 - MINISTERIO DA FAZENDA","170088 - SRRF06","00004/2022","05.506.933/0001-79 - WEBDOC LOCACOES LTDA","03/10/2022","02/10/2026","R$ 400.140,00","48","R$ 8.336,25"
"25000 - MINISTERIO DA FAZENDA","170008 - PGFN/MF","00004/2023","00.928.375/0001-16 - DELTALAB CONSULTORIA E TREINAMENTOS LTDA","14/06/2023","13/06/2024","R$ 169.967,28","12","R$ 14.163,94"
"25000 - MINISTERIO DA FAZENDA","201057 - CENTRAL/MGI","00004/2023","06.033.739/0001-86 - TS CONSULTORIA EMPRESARIAL S.A.","01/08/2023","31/07/2026","R$ 31.196.537,73","1","R$ 31.196.537,73"
"25000 - MINISTERIO DA FAZENDA","170010 - RFB/ME","00004/2025","08.911.585/0001-03 - WYNTECH SERVICOS EM TECNOLOGIA DA INFORMACAO LTDA","22/04/2025","22/04/2027","R$ 6.331.161,84","1","R$ 6.331.161,84"
"25000 - MINISTERIO DA FAZENDA","201053 - SEGES/ME","00005/2018","00.330.845/0001-45 - SERVIÇO BRASILEIRO DE APOIO ÀS MICRO E PEQUENAS EMPRESAS-SEBRAE","03/10/2018","02/10/2022","R$ 0,00","1","R$ 0,00"
"25000 - MINISTERIO DA FAZENDA","170010 - RFB/ME","00005/2020","03.620.200/0001-35 - PRO-SYSTEMS INFORMATICA LTDA","05/02/2020","04/02/2025","R$ 178.800,12","1","R$ 178.800,12"
"25000 - MINISTERIO DA FAZENDA","201057 - CENTRAL/MGI","00005/2020","42.422.253/0001-01 - EMPRESA DE TECNOLOGIA E INFORMACOES DA PREVIDENCIA S.A. - DATAPREV","25/09/2020","24/09/2025","R$ 1.337.438,84","24","R$ 55.726,62"
"25000 - MINISTERIO DA FAZENDA","170217 - SRRF02","00005/2021","21.950.129/0001-30 - PRGNET SERVICO DE TELECOMUNICACAO LTDA","24/03/2021","23/03/2022","R$ 11.760,00","12","R$ 980,00"
"25000 - MINISTERIO DA FAZENDA","170008 - PGFN/MF","00005/2023","04.198.254/0001-17 - MCR SISTEMAS E CONSULTORIA LTDA","09/11/2023","08/11/2026","R$ 141.550,00","1","R$ 141.550,00"
"25000 - MINISTERIO DA FAZENDA","170116 - SRRF07","00005/2023","04.198.254/0001-17 - MCR SISTEMAS E CONSULTORIA LTDA","06/02/2023","06/02/2026","R$ 42.465,00","3","R$ 14.155,00"
"25000 - MINISTERIO DA FAZENDA","170008 - PGFN/MF","00005/2024","04.602.789/0001-01 - DATEN TECNOLOGIA LTDA","25/11/2024","25/11/2025","R$ 166.207,80","1","R$ 166.207,80"
"25000 - MINISTERIO DA FAZENDA","170010 - RFB/ME","00006/2018","02.593.165/0001-40 - GARTNER DO BRASIL SERVICOS DE PESQUISAS LTDA.","28/05/2018","27/05/2023","R$ 1.938.215,66","12","R$ 161.517,97"
"25000 - MINISTERIO DA FAZENDA","201057 - CENTRAL/MGI","00006/2020","33.683.111/0001-07 - SERVICO FEDERAL DE PROCESSAMENTO DE DADOS (SERPRO)","24/09/2020","24/09/2024","R$ 3.858.753,90","12","R$ 321.562,83"
"25000 - MINISTERIO DA FAZENDA","170008 - PGFN/MF","00006/2020","15.011.059/0001-52 - EMPRESA MATO-GROSSENSE DE TECNOLOGIA DA INFORMACAO - MTI","30/12/2020","19/01/2022","R$ 226.333,33","1","R$ 226.333,33"
"25000 - MINISTERIO DA FAZENDA","170177 - SRRF10","00006/2021","04.731.983/0001-97 - DISKTONER COPIADORAS E IMPRESSORAS LTDA","01/09/2021","01/09/2025","R$ 48.733,49","1","R$ 48.733,49"
"25000 - MINISTERIO DA FAZENDA","170028 - DRF SAO LUIS","00006/2021","05.060.367/0001-14 - TECHNOCOPY EQUIPAMENTOS SUPRIMENTOS E SERVICOS LTDA","03/03/2021","03/03/2025","R$ 52.646,40","12","R$ 4.387,20"
"25000 - MINISTERIO DA FAZENDA","170010 - RFB/ME","00006/2022","94.316.916/0005-22 - LTA-RH INFORMATICA, COMERCIO, REPRESENTACOES LTDA","14/04/2022","14/04/2023","R$ 8.571.800,00","1","R$ 8.571.800,00"
"25000 - MINISTERIO DA FAZENDA","170007 - SUCOP-STN","00006/2023","13.789.844/0001-05 - PERALLIS CONSULTORIA E CAPACITACAO EM TI LTDA.","01/12/2023","31/01/2026","R$ 53.856,00","1","R$ 53.856,00"
"25000 - MINISTERIO DA FAZENDA","170008 - PGFN/MF","00006/2023","33.683.111/0001-07 - SERVICO FEDERAL DE PROCESSAMENTO DE DADOS (SERPRO)","11/11/2023","10/11/2025","R$ 181.668.462,60","1","R$ 181.668.462,60"
"25000 - MINISTERIO DA FAZENDA","170010 - RFB/ME","00006/2025","03.620.200/0001-35 - PRO-SYSTEMS INFORMATICA LTDA","05/03/2025","04/03/2028","R$ 879.548,00","1","R$ 879.548,00"
"25000 - MINISTERIO DA FAZENDA","170008 - PGFN/MF","00007/2018","806030 - SERPRO - SEDE - BRASILIA","11/11/2018","10/11/2023","R$ 141.007.515,84","9","R$ 15.667.501,76"
"25000 - MINISTERIO DA FAZENDA","201057 - CENTRAL/MGI","00007/2019","42.422.253/0001-01 - EMPRESA DE TECNOLOGIA E INFORMACOES DA PREVIDENCIA S.A. - DATAPREV","11/12/2019","11/12/2024","R$ 1.629.945,73","1","R$ 1.629.945,73"
"25000 - MINISTERIO DA FAZENDA","170058 - SRRF04","00007/2020","11.844.663/0001-09 - 1TELECOM SERVICOS DE TECNOLOGIA EM INTERNET LTDA","13/04/2020","13/04/2026","R$ 158.087,93","12","R$ 13.173,99"
"25000 - MINISTERIO DA FAZENDA","170008 - PGFN/MF","00007/2020","02.593.165/0001-40 - GARTNER DO BRASIL SERVICOS DE PESQUISAS LTDA.","30/12/2020","29/12/2024","R$ 1.808.000,00","2","R$ 904.000,00"
"25000 - MINISTERIO DA FAZENDA","201057 - CENTRAL/MGI","00007/2022","04.198.254/0001-17 - MCR SISTEMAS E CONSULTORIA LTDA","26/12/2022","26/12/2025","R$ 34.510,00","1","R$ 34.510,00"
"25000 - MINISTERIO DA FAZENDA","170007 - SUCOP-STN","00008/2021","36.765.378/0001-23 - MEMORA PROCESSOS INOVADORES S.A.","20/12/2021","19/12/2022","R$ 521.210,88","1","R$ 521.210,88"
"25000 - MINISTERIO DA FAZENDA","170010 - RFB/ME","00008/2022","57.142.978/0001-05 - BRASOFTWARE INFORMATICA LTDA","27/04/2022","27/04/2024","R$ 248.582,87","1","R$ 248.582,87"
"25000 - MINISTERIO DA FAZENDA","201057 - CENTRAL/MGI","00008/2022","04.198.254/0001-17 - MCR SISTEMAS E CONSULTORIA LTDA","30/12/2022","30/12/2025","R$ 28.310,00","1","R$ 28.310,00"
"25000 - MINISTERIO DA FAZENDA","170217 - SRRF02","00008/2023","13.645.308/0001-36 - CONNECTION - ADVISORY, OUTSOURCING AND SERVICES LTDA","27/04/2023","26/12/2024","R$ 40.000,00","20","R$ 2.000,00"
"25000 - MINISTERIO DA FAZENDA","170007 - SUCOP-STN","00008/2023","07.322.276/0001-35 - SYDLE SISTEMAS LTDA","11/12/2023","11/12/2026","R$ 867.967,80","1","R$ 867.967,80"
"25000 - MINISTERIO DA FAZENDA","170007 - SUCOP-STN","00008/2024","09.022.398/0001-31 - AGEM TECNOLOGIA DISTRIBUIDORA LTDA","21/10/2024","19/12/2024","R$ 169.884,40","1","R$ 169.884,40"
"25000 - MINISTERIO DA FAZENDA","170217 - SRRF02","00008/2025","34.924.717/0001-41 - NOAH TELECOMUNICACOES LTDA","12/02/2025","11/02/2027","R$ 4.847,76","1","R$ 4.847,76"
"25000 - MINISTERIO DA FAZENDA","170008 - PGFN/MF","00009/2016","42.422.253/0001-01 - EMPRESA DE TECNOLOGIA E INFORMACOES DA PREVIDENCIA S.A. - DATAPREV","01/10/2016","30/09/2021","R$ 37.540.765,44","2","R$ 18.770.382,72"
"25000 - MINISTERIO DA FAZENDA","170007 - SUCOP-STN","00009/2021","04.602.789/0001-01 - DATEN TECNOLOGIA LTDA","29/12/2021","28/12/2022","R$ 638.724,00","1","R$ 638.724,00"
"25000 - MINISTERIO DA FAZENDA","170028 - DRF SAO LUIS","00009/2022","23.428.899/0001-43 - BORBA PROVEDOR LTDA","30/12/2022","29/12/2023","R$ 1.318,80","12","R$ 109,90"
"25000 - MINISTERIO DA FAZENDA","170078 - SRRF05","00009/2022","23.518.065/0001-29 - XP ON CONSULTORIA LTDA","16/12/2022","16/12/2027","R$ 68.997,00","1","R$ 68.997,00"
"25000 - MINISTERIO DA FAZENDA","170177 - SRRF10","00009/2023","04.925.768/0001-27 - EESTAR LOCACOES TRANSPORTES, SERVICOS E COMERCIO LTDA","01/09/2023","31/08/2027","R$ 74.520,00","48","R$ 1.552,50"
"25000 - MINISTERIO DA FAZENDA","170217 - SRRF02","00009/2023","21.950.129/0001-30 - PRGNET SERVICO DE TELECOMUNICACAO LTDA","27/04/2023","26/08/2026","R$ 109.024,99","20","R$ 5.451,25"
"25000 - MINISTERIO DA FAZENDA","170010 - RFB/ME","00009/2024","23.518.065/0001-29 - XP ON CONSULTORIA LTDA","17/04/2024","16/04/2025","R$ 218.000,00","1","R$ 218.000,00"
"25000 - MINISTERIO DA FAZENDA","170008 - PGFN/MF","00010/2018","26.263.549/0001-62 - SLG COMERCIO SERVICOS E REPRESENTACOES EIRELI","05/12/2018","02/12/2019","R$ 236.640,00","1","R$ 0,00"
"25000 - MINISTERIO DA FAZENDA","170007 - SUCOP-STN","00010/2021","22.797.545/0001-03 - LENOVO COMERCIAL E DISTRIBUICAO LIMITADA","23/12/2021","22/12/2022","R$ 519.030,00","1","R$ 519.030,00"
"25000 - MINISTERIO DA FAZENDA","170007 - SUCOP-STN","00010/2022","23.518.065/0001-29 - XP ON CONSULTORIA LTDA","08/12/2022","08/12/2027","R$ 137.994,00","1","R$ 137.994,00"
"25000 - MINISTERIO DA FAZENDA","170028 - DRF SAO LUIS","00010/2022","18.843.645/0001-51 - TELECOMUNICACOES BRASILIA LTDA","30/12/2022","29/12/2024","R$ 15.564,00","12","R$ 1.297,00"
"25000 - MINISTERIO DA FAZENDA","170078 - SRRF05","00010/2022","04.198.254/0001-17 - MCR SISTEMAS E CONSULTORIA LTDA","15/12/2022","15/12/2025","R$ 28.310,00","1","R$ 28.310,00"
"25000 - MINISTERIO DA FAZENDA","170008 - PGFN/MF","00010/2023","33.683.111/0001-07 - SERVICO FEDERAL DE PROCESSAMENTO DE DADOS (SERPRO)","29/12/2023","28/12/2025","R$ 4.278.269,84","12","R$ 356.522,49"
"25000 - MINISTERIO DA FAZENDA","170010 - RFB/ME","00010/2024","23.880.630/0002-84 - WETALK TECNOLOGIA DA INFORMACAO LTDA","17/04/2024","16/04/2025","R$ 289.500,00","1","R$ 289.500,00"
"25000 - MINISTERIO DA FAZENDA","170201 - DRF PORTO VELHO","00011/2021","12.973.083/0001-84 - OLLA SERVICOS & INTERNET LTDA","20/10/2021","19/06/2023","R$ 38.800,00","20","R$ 1.940,00"
"25000 - MINISTERIO DA FAZENDA","170010 - RFB/ME","00011/2022","14.476.967/0001-59 - IUNEX SOLUCOES LTDA","24/06/2022","24/07/2025","R$ 945.000,00","1","R$ 945.000,00"
"25000 - MINISTERIO DA FAZENDA","170007 - SUCOP-STN","00011/2022","05.673.799/0001-09 - PPN TECNOLOGIA E INFORMATICA LTDA","06/12/2022","06/12/2025","R$ 263.408,00","1","R$ 263.408,00"
"25000 - MINISTERIO DA FAZENDA","170008 - PGFN/MF","00011/2023","02.593.165/0001-40 - GARTNER DO BRASIL SERVICOS DE PESQUISAS LTDA.","29/12/2023","28/12/2025","R$ 8.107.339,40","1","R$ 8.107.339,40"
"25000 - MINISTERIO DA FAZENDA","170078 - SRRF05","00012/2022","67.071.001/0003-60 - UNIFY - SOLUCOES EM TECNOLOGIA DA INFORMACAO LTDA.","15/12/2022","15/12/2027","R$ 94.950,00","1","R$ 94.950,00"
"25000 - MINISTERIO DA FAZENDA","170010 - RFB/ME","00012/2023","04.929.322/0001-70 - LAYER TECNOLOGIA DA INFORMACAO LTDA","10/04/2023","10/04/2028","R$ 3.057.700,00","1","R$ 3.057.700,00"
"25000 - MINISTERIO DA FAZENDA","170007 - SUCOP-STN","00012/2023","02.092.332/0001-79 - CLM SOFTWARE COMERCIO IMPORTACAO E EXPORTACAO LTDA.","21/12/2023","21/12/2026","R$ 530.000,00","1","R$ 530.000,00"
"25000 - MINISTERIO DA FAZENDA","201057 - CENTRAL/MGI","00013/2023","07.322.276/0001-35 - SYDLE SISTEMAS LTDA","27/10/2023","26/10/2026","R$ 16.639.095,79","1","R$ 16.639.095,79"
"25000 - MINISTERIO DA FAZENDA","170088 - SRRF06","00014/2021","06.537.806/0001-08 - BIZZ INTERNET LTDA","01/12/2021","30/11/2026","R$ 2.598,00","20","R$ 129,90"
"25000 - MINISTERIO DA FAZENDA","170116 - SRRF07","00014/2021","05.872.814/0003-00 - VOGEL SOLUCOES EM TELECOMUNICACOES E INFORMATICA S.A.","08/10/2021","08/10/2026","R$ 21.000,00","20","R$ 1.050,00"
"25000 - MINISTERIO DA FAZENDA","170078 - SRRF05","00014/2022","20.324.748/0001-57 - VLP NOBREAKS E ESTABILIZADORES LTDA","23/12/2022","23/12/2024","R$ 105.930,00","1","R$ 105.930,00"
"25000 - MINISTERIO DA FAZENDA","170217 - SRRF02","00014/2022","23.674.714/0001-80 - 682 SOLUCOES EM TECNOLOGIA DA INFORMACAO LTDA","04/10/2022","03/10/2026","R$ 5.779,80","1","R$ 5.779,80"
"25000 - MINISTERIO DA FAZENDA","201057 - CENTRAL/MGI","00014/2023","04.198.254/0001-17 - MCR SISTEMAS E CONSULTORIA LTDA","07/11/2023","06/11/2026","R$ 345.420,00","1","R$ 345.420,00"
"25000 - MINISTERIO DA FAZENDA","170010 - RFB/ME","00015/2021","03.620.200/0001-35 - PRO-SYSTEMS INFORMATICA LTDA","03/03/2021","03/03/2025","R$ 348.865,11","12","R$ 29.072,09"
"25000 - MINISTERIO DA FAZENDA","170010 - RFB/ME","00015/2023","04.198.254/0001-17 - MCR SISTEMAS E CONSULTORIA LTDA","12/07/2023","12/07/2026","R$ 148.590,00","1","R$ 148.590,00"
"25000 - MINISTERIO DA FAZENDA","170156 - SRRF09","00017/2023","03.420.933/0001-26 - DR SOFTWARE SERVICOS LTDA","01/08/2023","31/07/2025","R$ 497.206,56","24","R$ 20.716,94"
"25000 - MINISTERIO DA FAZENDA","170010 - RFB/ME","00018/2024","57.142.978/0001-05 - BRASOFTWARE INFORMATICA LTDA","20/05/2024","19/05/2026","R$ 2.187.313,22","1","R$ 2.187.313,22"
"25000 - MINISTERIO DA FAZENDA","170007 - SUCOP-STN","00019/2017","806030 - SERPRO - SEDE - BRASILIA","03/05/2017","15/04/2022","R$ 241.796.736,69","11","R$ 21.981.521,52"
"25000 - MINISTERIO DA FAZENDA","170010 - RFB/ME","00019/2018","33.683.111/0001-07 - SERVICO FEDERAL DE PROCESSAMENTO DE DADOS (SERPRO)","24/11/2018","23/11/2023","R$ 157.640.407,37","1","R$ 157.640.407,37"
"25000 - MINISTERIO DA FAZENDA","170217 - SRRF02","00019/2023","40.628.906/0001-70 - CONTRATOSGOV SISTEMAS LTDA","02/10/2023","01/10/2025","R$ 88.600,00","4","R$ 22.150,00"
"25000 - MINISTERIO DA FAZENDA","170010 - RFB/ME","00020/2024","10.918.347/0002-52 - DIAGRAMA TECNOLOGIA LIMITADA","11/07/2024","10/07/2025","R$ 163.680,00","1","R$ 163.680,00"
"25000 - MINISTERIO DA FAZENDA","170010 - RFB/ME","00021/2023","04.198.254/0001-17 - MCR SISTEMAS E CONSULTORIA LTDA","25/09/2023","25/09/2026","R$ 1.296.872,07","1","R$ 1.296.872,07"
"25000 - MINISTERIO DA FAZENDA","170010 - RFB/ME","00021/2024","57.142.978/0001-05 - BRASOFTWARE INFORMATICA LTDA","28/08/2024","28/08/2025","R$ 56.687.491,18","1","R$ 56.687.491,18"
"25000 - MINISTERIO DA FAZENDA","201057 - CENTRAL/MGI","00022/2024","21.550.873/0001-48 - WELTSOLUTIONS SUPORTE EM TECNOLOGIA DA INFORMACAO LTDA","06/09/2024","05/09/2025","R$ 52.000,00","1","R$ 52.000,00"
"25000 - MINISTERIO DA FAZENDA","170010 - RFB/ME","00023/2022","33.683.111/0001-07 - SERVICO FEDERAL DE PROCESSAMENTO DE DADOS (SERPRO)","30/08/2022","30/08/2025","R$ 14.899.940,77","1","R$ 14.899.940,77"
"25000 - MINISTERIO DA FAZENDA","201057 - CENTRAL/MGI","00023/2024","81.243.735/0019-77 - POSITIVO TECNOLOGIA S.A.","17/12/2024","16/12/2025","R$ 61.662,00","1","R$ 61.662,00"
"25000 - MINISTERIO DA FAZENDA","170010 - RFB/ME","00025/2020","57.142.978/0001-05 - BRASOFTWARE INFORMATICA LTDA","23/06/2020","22/06/2024","R$ 26.894.987,06","12","R$ 2.241.248,92"
"25000 - MINISTERIO DA FAZENDA","170010 - RFB/ME","00025/2023","33.683.111/0001-07 - SERVICO FEDERAL DE PROCESSAMENTO DE DADOS (SERPRO)","24/11/2023","04/07/2025","R$ 1.133.788.195,00","1","R$ 1.133.788.195,00"
"25000 - MINISTERIO DA FAZENDA","170010 - RFB/ME","00025/2024","05.757.597/0002-18 - TECHBIZ FORENSE DIGITAL LTDA","27/11/2024","26/11/2025","R$ 4.081.386,72","1","R$ 4.081.386,72"
"25000 - MINISTERIO DA FAZENDA","280101 - CGRL/MDIC","00026/2016","11.777.162/0001-57 - BASIS TECNOLOGIA DA INFORMACAO S.A.","16/12/2016","16/12/2019","R$ 3.498.833,42","12","R$ 291.569,45"
"25000 - MINISTERIO DA FAZENDA","201057 - CENTRAL/MGI","00027/2025","47.482.372/0001-65 - COTAWEB REPRESENTACAO COMERCIAL E ASSESSORIA LTDA","03/02/2025","02/08/2025","R$ 0,00","1","R$ 0,00"
"25000 - MINISTERIO DA FAZENDA","170010 - RFB/ME","00030/2020","49.074.412/0001-65 - NEC LATIN AMERICA S.A.","31/08/2020","30/08/2025","R$ 2.170.619,80","1","R$ 2.170.619,80"
"25000 - MINISTERIO DA FAZENDA","170156 - SRRF09","00030/2024","23.518.065/0001-29 - XP ON CONSULTORIA LTDA","11/07/2024","11/07/2025","R$ 218.000,00","1","R$ 218.000,00"
"25000 - MINISTERIO DA FAZENDA","170177 - SRRF10","00031/2024","07.756.651/0001-55 - BRASIL TECPAR SERVICOS DE TELECOMUNICACOES S.A","01/02/2024","31/01/2025","R$ 15.720,00","1","R$ 15.720,00"
"25000 - MINISTERIO DA FAZENDA","170156 - SRRF09","00031/2024","23.880.630/0002-84 - WETALK TECNOLOGIA DA INFORMACAO LTDA","11/07/2024","11/07/2025","R$ 57.900,00","1","R$ 57.900,00"
"25000 - MINISTERIO DA FAZENDA","170177 - SRRF10","00032/2024","10.773.501/0001-64 - OSIRNET INFO TELECOM LTDA","01/02/2024","31/01/2025","R$ 15.820,20","1","R$ 15.820,20"
"25000 - MINISTERIO DA FAZENDA","170156 - SRRF09","00039/2024","10.918.347/0002-52 - DIAGRAMA TECNOLOGIA LIMITADA","02/09/2024","02/09/2025","R$ 38.192,00","1","R$ 38.192,00"
"25000 - MINISTERIO DA FAZENDA","170088 - SRRF06","00047/2024","03.619.767/0005-15 - TORINO INFORMATICA LTDA..","23/12/2024","22/12/2025","R$ 65.280,00","1","R$ 65.280,00"
"25000 - MINISTERIO DA FAZENDA","170040 - SRRF03","00048/2024","03.619.767/0005-15 - TORINO INFORMATICA LTDA..","20/12/2024","19/12/2025","R$ 25.500,00","1","R$ 25.500,00"
"25000 - MINISTERIO DA FAZENDA","170010 - RFB/ME","00051/2021","03.535.902/0001-10 - DECISION SERVICOS DE TECNOLOGIA DA INFORMACAO LTDA","21/09/2021","20/09/2024","R$ 1.002.276,35","12","R$ 83.523,03"
"25000 - MINISTERIO DA FAZENDA","201013 - CEOFI/CGEOF/MP","00096/2017","01.134.191/0002-28 - SERVIX INFORMATICA LTDA","29/12/2017","28/04/2021","R$ 2.434.991,78","40","R$ 202.915,98"
"25000 - MINISTERIO DA FAZENDA","170018 - SRRF01","00098/2021","09.093.813/0001-48 - TITANIA COMERCIO E SERVICOS DE TECNOLOGIA DA INFORMACAO LTDA","01/01/2022","31/12/2024","R$ 757,95","1","R$ 757,95"
"25000 - MINISTERIO DA FAZENDA","170116 - SRRF07","2020NE800088","12.045.633/0001-03 - E-MEX TELECOMUNICACOES DO BRASIL LTDA","01/08/2019","01/08/2024","R$ 10.194,00","1","R$ 10.194,00"
"25000 - MINISTERIO DA FAZENDA","170116 - SRRF07","2020NE800090","76.535.764/0001-43 - OI S.A. - EM RECUPERACAO JUDICIAL","02/08/2019","02/08/2024","R$ 11.116,80","1","R$ 11.116,80"
"25000 - MINISTERIO DA FAZENDA","170018 - SRRF01","2021NE000097","25.452.912/0001-25 - SEEG FIBRAS TELECOMUNICACOES LTDA","01/01/2022","31/12/2024","R$ 8.576,40","1","R$ 8.576,40"
"25000 - MINISTERIO DA FAZENDA","170018 - SRRF01","2022NE000002","07.312.415/0001-40 - NELSON VIDOVIX SEGURA & CIA LTDA","24/01/2022","31/12/2024","R$ 12.920,00","1","R$ 12.920,00"
"25000 - MINISTERIO DA FAZENDA","170097 - DRF UBERLANDIA","2023NE000094","20.859.451/0001-96 - TECHWEL COMERCIO LOCACOES & SERVICOS LTDA","25/07/2023","31/12/2024","R$ 5.439,66","17","R$ 319,98"
"25000 - MINISTERIO DA FAZENDA","170010 - RFB/ME","2024NE000156","06.132.270/0001-32 - SOLLICITA NEGOCIOS PUBLICOS LTDA","22/08/2024","21/08/2025","R$ 36.558,40","1","R$ 36.558,40"
"25000 - MINISTERIO DA FAZENDA","170010 - RFB/ME","2024NE000202","27.539.332/0001-03 - TIMBERLAKE ANALYTICS SOFTWARE LTDA","29/07/2024","28/07/2026","R$ 24.658,34","1","R$ 24.658,34"
"25000 - MINISTERIO DA FAZENDA","170116 - SRRF07","2024NE000295","05.555.382/0001-33 - AOVS SISTEMAS DE INFORMATICA S.A.","19/06/2024","19/06/2025","R$ 6.000,00","1","R$ 6.000,00"
"25000 - MINISTERIO DA FAZENDA","170040 - SRRF03","2025NE000100","48.754.707/0001-10 - TRIUNFAL MAQUINAS E FERRAMENTAS LTDA","13/02/2025","31/12/2025","R$ 324,15","1","R$ 324,15"