"Órgão","Unidade Gestora","Número Contrato","Fornecedor","Vig. Início","Vig. Fim","Valor Global","Núm. Parcelas","Valor Parcela"
"40000 - MINISTERIO DO TRABALHO E EMPREGO","400045 - CGRL - MTE","00075/2020","08.844.348/0001-77 - TRDT BRASIL TECNOLOGIA LTDA","31/12/2020","31/12/2024","R$ 17.735.353,94","48","R$ 369.486,54"
"40000 - MINISTERIO DO TRABALHO E EMPREGO","400045 - CGRL - MTE","00002/2025","57.142.978/0001-05 - BRASOFTWARE INFORMATICA LTDA","28/01/2025","28/01/2029","R$ 104.990.771,04","1","R$ 104.990.771,04"
"40000 - MINISTERIO DO TRABALHO E EMPREGO","400045 - CGRL - MTE","00009/2020","00.336.701/0001-04 - TELECOMUNICACOES BRASILEIRAS SA TELEBRAS","28/06/2020","28/06/2025","R$ 23.827.280,87","12","R$ 1.985.606,74"
"40000 - MINISTERIO DO TRABALHO E EMPREGO","400045 - CGRL - MTE","00013/2023","09.053.350/0001-90 - NIVA TECNOLOGIA DA INFORMACAO LTDA","27/09/2023","27/09/2028","R$ 2.136.884,72","1","R$ 2.136.884,72"
"40000 - MINISTERIO DO TRABALHO E EMPREGO","400045 - CGRL - MTE","00028/2023","02.539.643/0001-33 - LINUXELL INFORMATICA E SERVICOS LTDA","18/12/2023","18/12/2025","R$ 19.713.493,32","1","R$ 19.713.493,32"
"40000 - MINISTERIO DO TRABALHO E EMPREGO","400045 - CGRL - MTE","00047/2021","20.658.903/0001-71 - LACUNA SOFTWARE LTDA","08/12/2021","08/12/2025","R$ 18.242,60","12","R$ 1.520,22"
"40000 - MINISTERIO DO TRABALHO E EMPREGO","400045 - CGRL - MTE","00001/2025","19.877.285/0002-52 - LANLINK SOLUCOES E COMERCIALIZACAO EM INFORMATICA S/A","23/01/2025","23/01/2029","R$ 3.521.227,64","1","R$ 3.521.227,64"
"40000 - MINISTERIO DO TRABALHO E EMPREGO","400045 - CGRL - MTE","00020/2024","42.422.253/0001-01 - EMPRESA DE TECNOLOGIA E INFORMACOES DA PREVIDENCIA S.A. - DATAPREV","06/09/2024","06/09/2027","R$ 763.689.923,32","1","R$ 763.689.923,32"
"40000 - MINISTERIO DO TRABALHO E EMPREGO","400045 - CGRL - MTE","00028/2024","08.844.348/0001-77 - TRDT BRASIL TECNOLOGIA LTDA","01/01/2025","01/08/2028","R$ 19.959.321,18","1","R$ 19.959.321,18"
"40000 - MINISTERIO DO TRABALHO E EMPREGO","400045 - CGRL - MTE","00003/2023","58.069.360/0001-20 - STEFANINI CONSULTORIA E ASSESSORIA EM INFORMATICA S.A.","17/03/2023","16/07/2026","R$ 18.479.753,60","1","R$ 18.479.753,60"
"40000 - MINISTERIO DO TRABALHO E EMPREGO","400045 - CGRL - MTE","00024/2024","04.198.254/0001-17 - MCR SISTEMAS E CONSULTORIA LTDA","13/11/2024","13/11/2027","R$ 133.012,52","1","R$ 133.012,52"
"40000 - MINISTERIO DO TRABALHO E EMPREGO","400045 - CGRL - MTE","00027/2024","03.621.548/0001-47 - CEL TECNOLOGIA E INFORMATICA LTDA","27/12/2024","14/03/2026","R$ 57.845,00","1","R$ 57.845,00"
"40000 - MINISTERIO DO TRABALHO E EMPREGO","400045 - CGRL - MTE","00010/2024","04.958.321/0001-54 - HARDLINK INFORMATICA E SISTEMAS LTDA","16/06/2024","23/07/2025","R$ 146.520,00","1","R$ 146.520,00"
"40000 - MINISTERIO DO TRABALHO E EMPREGO","400045 - CGRL - MTE","00029/2024","13.661.968/0001-00 - IMPACT BRASIL COMERCIO E SERVICOS DE PRODUTOS DE INFORMATICA LTDA","31/12/2024","15/01/2030","R$ 59.000,00","1","R$ 59.000,00"
"40000 - MINISTERIO DO TRABALHO E EMPREGO","400045 - CGRL - MTE","00011/2022","58.619.404/0008-14 - CONVERGINT COMERCIO E SERVICOS DE TECNOLOGIA LTDA","29/09/2022","29/09/2023","R$ 2.122.730,00","1","R$ 2.122.730,00"
"40000 - MINISTERIO DO TRABALHO E EMPREGO","400045 - CGRL - MTE","00039/2018","07.094.346/0001-45 - G4F SOLUCOES CORPORATIVAS LTDA","28/12/2018","27/12/2023","R$ 2.370.714,84","1","R$ 2.370.714,84"
"40000 - MINISTERIO DO TRABALHO E EMPREGO","400045 - CGRL - MTE","00017/2022","04.198.254/0001-17 - MCR SISTEMAS E CONSULTORIA LTDA","28/12/2022","27/02/2026","R$ 2.661.220,00","1","R$ 2.661.220,00"
"40000 - MINISTERIO DO TRABALHO E EMPREGO","400045 - CGRL - MTE","00017/2021","42.422.253/0001-01 - EMPRESA DE TECNOLOGIA E INFORMACOES DA PREVIDENCIA S.A. - DATAPREV","25/05/2021","25/11/2024","R$ 249.871.188,48","12","R$ 20.822.599,04"