"Órgão","Unidade Gestora","Número Contrato","Fornecedor","Vig. Início","Vig. Fim","Valor Global","Núm. Parcelas","Valor Parcela"
"44000 - MINIST. DO MEIO AMBIENTE E MUDANCA DO CLIM","440001 - CEOFI/SPOA/SECEX","00013/2024","32.578.387/0003-16 - PARK PLACE TECHNOLOGIES BRAZIL LTDA","19/09/2024","18/09/2025","R$ 34.596,00","12","R$ 2.883,00"
"44000 - MINIST. DO MEIO AMBIENTE E MUDANCA DO CLIM","440001 - CEOFI/SPOA/SECEX","00012/2024","02.298.314/0001-48 - CELERIT SERVICOS DE INFORMATICA LTDA","18/09/2024","17/09/2025","R$ 150.000,00","12","R$ 12.500,00"
"44000 - MINIST. DO MEIO AMBIENTE E MUDANCA DO CLIM","440001 - CEOFI/SPOA/SECEX","00018/2024","81.243.735/0019-77 - POSITIVO TECNOLOGIA S.A.","03/12/2024","03/12/2025","R$ 447.049,50","87","R$ 5.138,50"
"44000 - MINIST. DO MEIO AMBIENTE E MUDANCA DO CLIM","440001 - CEOFI/SPOA/SECEX","00011/2022","37.057.387/0001-22 - HEPTA TECNOLOGIA E INFORMATICA LTDA","01/09/2022","01/09/2025","R$ 4.233.860,52","12","R$ 352.821,71"
"44000 - MINIST. DO MEIO AMBIENTE E MUDANCA DO CLIM","440001 - CEOFI/SPOA/SECEX","00014/2024","06.105.781/0001-65 - ZOOMTECH LTDA","20/09/2024","20/02/2030","R$ 1.962.758,70","1","R$ 1.962.758,70"
"44000 - MINIST. DO MEIO AMBIENTE E MUDANCA DO CLIM","440001 - CEOFI/SPOA/SECEX","00010/2024","57.142.978/0001-05 - BRASOFTWARE INFORMATICA LTDA","02/09/2024","02/09/2027","R$ 8.097.436,06","1","R$ 8.097.436,06"
"44000 - MINIST. DO MEIO AMBIENTE E MUDANCA DO CLIM","440001 - CEOFI/SPOA/SECEX","00001/2025","04.198.254/0001-17 - MCR SISTEMAS E CONSULTORIA LTDA","26/02/2025","26/02/2028","R$ 678.119,39","1","R$ 678.119,39"
"44000 - MINIST. DO MEIO AMBIENTE E MUDANCA DO CLIM","440001 - CEOFI/SPOA/SECEX","00016/2021","07.860.896/0001-28 - LG IT TECNOLOGIA E COMUNICACOES LTDA","23/09/2021","23/09/2025","R$ 286.893,05","12","R$ 23.907,75"
"44000 - MINIST. DO MEIO AMBIENTE E MUDANCA DO CLIM","440001 - CEOFI/SPOA/SECEX","00019/2024","19.354.200/0001-70 - TECNO - IT, TECNOLOGIA, SERVICOS E COMUNICACAO SA","04/12/2024","04/12/2029","R$ 2.799.254,76","1","R$ 2.799.254,76"
"44000 - MINIST. DO MEIO AMBIENTE E MUDANCA DO CLIM","440001 - CEOFI/SPOA/SECEX","00001/2022","04.528.676/0001-03 - VOYAGER SOLUCOES CORPORATIVAS INOVADORAS LTDA","17/02/2022","17/02/2026","R$ 87.838,97","1","R$ 87.838,97"
"44000 - MINIST. DO MEIO AMBIENTE E MUDANCA DO CLIM","440001 - CEOFI/SPOA/SECEX","00017/2024","04.602.789/0001-01 - DATEN TECNOLOGIA LTDA","04/12/2024","04/12/2025","R$ 700.696,92","1","R$ 700.696,92"
"44000 - MINIST. DO MEIO AMBIENTE E MUDANCA DO CLIM","440001 - CEOFI/SPOA/SECEX","00004/2021","10.592.394/0001-78 - BLUE - SOLUCOES INTELIGENTES LTDA","08/07/2021","08/07/2025","R$ 1.605.628,48","12","R$ 133.802,37"
"44000 - MINIST. DO MEIO AMBIENTE E MUDANCA DO CLIM","440001 - CEOFI/SPOA/SECEX","00001/2024","33.683.111/0001-07 - SERVICO FEDERAL DE PROCESSAMENTO DE DADOS (SERPRO)","10/01/2024","10/01/2029","R$ 6.713.975,65","60","R$ 111.899,59"
"44000 - MINIST. DO MEIO AMBIENTE E MUDANCA DO CLIM","440001 - CEOFI/SPOA/SECEX","00003/2023","42.422.253/0001-01 - EMPRESA DE TECNOLOGIA E INFORMACOES DA PREVIDENCIA S.A. - DATAPREV","22/08/2023","22/02/2026","R$ 18.500.892,90","1","R$ 18.500.892,90"
"44000 - MINIST. DO MEIO AMBIENTE E MUDANCA DO CLIM","440001 - CEOFI/SPOA/SECEX","00014/2023","11.777.162/0001-57 - BASIS TECNOLOGIA DA INFORMACAO S.A.","26/12/2023","26/12/2025","R$ 5.903.541,96","1","R$ 5.903.541,96"
"44000 - MINIST. DO MEIO AMBIENTE E MUDANCA DO CLIM","440001 - CEOFI/SPOA/SECEX","00015/2023","07.094.346/0001-45 - G4F SOLUCOES CORPORATIVAS LTDA","26/12/2023","26/12/2025","R$ 305.289,84","1","R$ 305.289,84"
"44000 - MINIST. DO MEIO AMBIENTE E MUDANCA DO CLIM","440001 - CEOFI/SPOA/SECEX","00003/2022","38.068.664/0001-65 - PRISMA SYS SERVICOS E COMERCIO DE INFORMATICA LTDA","17/03/2022","17/03/2026","R$ 45.000,00","12","R$ 3.750,00"
"44000 - MINIST. DO MEIO AMBIENTE E MUDANCA DO CLIM","440001 - CEOFI/SPOA/SECEX","00002/2021","242160 - TELECOMUNICACOES BRASILEIRAS S/A","19/05/2021","18/05/2026","R$ 319.319,05","60","R$ 5.321,98"