"Órgão","Unidade Gestora","Número Contrato","Fornecedor","Vig. Início","Vig. Fim","Valor Global","Núm. Parcelas","Valor Parcela"
"26000 - MINISTERIO DA EDUCACAO","152005 - INES-RJ","00001/2024","39.140.223/0001-90 - WALL STREET VIDEO E TECNOLOGIA LTDA","15/01/2024","15/01/2025","R$ 1.669.545,93","1","R$ 1.669.545,93"
"26000 - MINISTERIO DA EDUCACAO","152004 - IBC/RJ","00002/2023","69.112.514/0001-35 - PRIMASOFT INFORMATICA LTDA.","01/03/2023","01/03/2024","R$ 11.665,56","12","R$ 972,13"
"26000 - MINISTERIO DA EDUCACAO","150004 - STIC","00003/2020","12.130.013/0003-26 - GLOBALWEB OUTSOURCING DO BRASIL S.A.","28/02/2020","28/08/2025","R$ 12.749.196,48","6","R$ 2.124.866,08"
"26000 - MINISTERIO DA EDUCACAO","150004 - STIC","00003/2021","00.306.524/0003-77 - LEISTUNG COMERCIO E SERVICOS DE SISTEMAS DE ENERGIA LTDA.","05/02/2021","05/02/2026","R$ 1.295.270,38","12","R$ 107.939,20"
"26000 - MINISTERIO DA EDUCACAO","152005 - INES-RJ","00004/2024","05.630.085/0001-05 - VICMA COMERCIO DE EQUIPAMENTOS PARA ESCRITORIO LTDA","01/02/2024","01/02/2026","R$ 60.000,00","1","R$ 60.000,00"
"26000 - MINISTERIO DA EDUCACAO","150004 - STIC","00005/2022","04.198.254/0001-17 - MCR SISTEMAS E CONSULTORIA LTDA","25/02/2022","25/02/2026","R$ 239.000,00","1","R$ 239.000,00"
"26000 - MINISTERIO DA EDUCACAO","150004 - STIC","00006/2022","01.936.069/0010-85 - DIGISYSTEM SERVICOS ESPECIALIZADOS LTDA","10/03/2022","10/03/2026","R$ 41.885.824,68","12","R$ 3.490.485,39"
"26000 - MINISTERIO DA EDUCACAO","152005 - INES-RJ","00006/2022","39.725.594/0001-33 - REEDUCATION CONSULTORIA E TECNOLOGIA LTDA.","09/05/2022","09/05/2025","R$ 103.179,00","1","R$ 103.179,00"
"26000 - MINISTERIO DA EDUCACAO","150004 - STIC","00007/2021","07.094.346/0001-45 - G4F SOLUCOES CORPORATIVAS LTDA","17/03/2021","17/03/2026","R$ 18.960.666,34","12","R$ 1.580.055,53"
"26000 - MINISTERIO DA EDUCACAO","150004 - STIC","00007/2023","10.525.408/0001-30 - EZLY TECNOLOGIA LTDA","13/03/2023","13/03/2024","R$ 15.019,30","1","R$ 15.019,30"
"26000 - MINISTERIO DA EDUCACAO","150004 - STIC","00008/2022","09.024.896/0001-13 - INB TECNOLOGIA LTDA","16/03/2022","16/03/2026","R$ 154.239,21","12","R$ 12.853,27"
"26000 - MINISTERIO DA EDUCACAO","152005 - INES-RJ","00008/2022","03.716.680/0001-32 - LAURO RENATO ROCHA LIMA","04/07/2022","13/07/2022","R$ 29.200,00","1","R$ 29.200,00"
"26000 - MINISTERIO DA EDUCACAO","152005 - INES-RJ","00008/2023","21.748.841/0001-51 - TECNETWORKING SERVICOS E SOLUCOES EM TI LTDA","16/05/2023","16/05/2026","R$ 78.650,00","1","R$ 78.650,00"
"26000 - MINISTERIO DA EDUCACAO","150004 - STIC","00009/2019","02.558.157/0001-62 - TELEFONICA BRASIL S.A.","08/03/2019","13/12/2024","R$ 271.907,52","12","R$ 22.658,96"
"26000 - MINISTERIO DA EDUCACAO","150004 - STIC","00009/2025","50.086.075/0001-05 - GEOSITE TECNOLOGIA S.A.","15/01/2025","15/01/2028","R$ 158.229,66","36","R$ 4.395,27"
"26000 - MINISTERIO DA EDUCACAO","150004 - STIC","00010/2019","18.799.897/0001-20 - DIGISEC CERTIFICACAO DIGITAL LTDA","16/04/2019","16/04/2022","R$ 88.741,00","12","R$ 7.395,08"
"26000 - MINISTERIO DA EDUCACAO","150004 - STIC","00010/2023","50.086.075/0001-05 - GEOSITE TECNOLOGIA S.A.","07/06/2023","07/06/2024","R$ 45.086,95","1","R$ 45.086,95"
"26000 - MINISTERIO DA EDUCACAO","152005 - INES-RJ","00010/2023","73.514.382/0001-45 - 2R DATATEL TELEINFORMATICA LTDA","29/05/2023","25/05/2026","R$ 1.648.800,00","1","R$ 1.648.800,00"
"26000 - MINISTERIO DA EDUCACAO","150004 - STIC","00010/2025","50.366.389/0001-61 - TOTALCAD COMERCIO E SERVICOS TECNOLOGICOS LTDA","15/01/2025","15/01/2028","R$ 21.087,00","1","R$ 21.087,00"
"26000 - MINISTERIO DA EDUCACAO","150004 - STIC","00011/2022","14.139.773/0001-68 - EXTREME DIGITAL CONSULTORIA E REPRESENTACOES LTDA","10/05/2022","31/08/2024","R$ 34.924,90","12","R$ 2.910,41"
"26000 - MINISTERIO DA EDUCACAO","152005 - INES-RJ","00011/2022","06.032.137/0001-04 - VIGUI'ST INFORMATICA LTDA","03/08/2022","01/09/2022","R$ 35.758,00","1","R$ 35.758,00"
"26000 - MINISTERIO DA EDUCACAO","152005 - INES-RJ","00012/2022","18.313.892/0001-46 - S M DA SILVA SOLUCOES LTDA","03/08/2022","01/09/2022","R$ 12.075,30","1","R$ 12.075,30"
"26000 - MINISTERIO DA EDUCACAO","152005 - INES-RJ","00012/2024","51.204.249/0001-50 - DIGITAL HOME LTDA","04/02/2024","20/03/2024","R$ 166,60","1","R$ 166,60"
"26000 - MINISTERIO DA EDUCACAO","150004 - STIC","00012/2024","23.484.444/0001-45 - 3F LTDA","03/07/2024","02/07/2025","R$ 5.994,00","1","R$ 5.994,00"
"26000 - MINISTERIO DA EDUCACAO","152005 - INES-RJ","00013/2022","41.445.037/0001-00 - NKSTECH SOLUCOES CORPORATIVAS LTDA","03/08/2022","01/09/2022","R$ 52.500,00","1","R$ 52.500,00"
"26000 - MINISTERIO DA EDUCACAO","152005 - INES-RJ","00013/2023","48.411.373/0001-81 - TECHX INFORMATICA LTDA","16/08/2023","14/09/2023","R$ 24.199,80","1","R$ 24.199,80"
"26000 - MINISTERIO DA EDUCACAO","150004 - STIC","00014/2019","04.238.297/0001-89 - 3CORP TECHNOLOGY INFRAESTRUTURA DE TELECOM LTDA.","02/07/2019","02/07/2024","R$ 157.339,14","12","R$ 13.111,60"
"26000 - MINISTERIO DA EDUCACAO","152005 - INES-RJ","00014/2022","01.590.728/0009-30 - MICROTECNICA INFORMATICA LTDA","03/08/2022","01/09/2022","R$ 847.565,64","1","R$ 847.565,64"
"26000 - MINISTERIO DA EDUCACAO","150004 - STIC","00014/2023","03.698.620/0005-68 - GREEN4T SOLUCOES TI LTDA","28/07/2023","28/07/2025","R$ 753.324,53","12","R$ 62.777,04"
"26000 - MINISTERIO DA EDUCACAO","150004 - STIC","00015/2023","11.168.199/0003-40 - HITSS DO BRASIL SERVICOS TECNOLOGICOS LTDA.","01/08/2023","01/08/2025","R$ 20.494.650,63","12","R$ 1.707.887,55"
"26000 - MINISTERIO DA EDUCACAO","152005 - INES-RJ","00015/2024","47.461.594/0001-00 - 47.461.594 LEANDRO VINICIUS BETTI","04/02/2024","20/03/2024","R$ 3.000,00","1","R$ 3.000,00"
"26000 - MINISTERIO DA EDUCACAO","152005 - INES-RJ","00016/2020","07.042.421/0001-24 - INFOPLEM INFORMATICA LTDA","26/01/2021","25/04/2021","R$ 101.854,00","1","R$ 101.854,00"
"26000 - MINISTERIO DA EDUCACAO","152005 - INES-RJ","00016/2023","07.045.469/0001-96 - ATA SISTEMAS DE ENERGIA LTDA","30/08/2023","28/11/2023","R$ 214.900,00","1","R$ 214.900,00"
"26000 - MINISTERIO DA EDUCACAO","150004 - STIC","00016/2025","42.422.253/0001-01 - EMPRESA DE TECNOLOGIA E INFORMACOES DA PREVIDENCIA S.A. - DATAPREV","12/02/2025","12/02/2030","R$ 248.666.735,58","60","R$ 4.144.445,59"
"26000 - MINISTERIO DA EDUCACAO","152005 - INES-RJ","00017/2023","66.582.784/0001-11 - MAPDATA-TECNOLOGIA,INFORMATICA E COMERCIO LTDA","20/09/2023","20/09/2026","R$ 61.593,00","1","R$ 61.593,00"
"26000 - MINISTERIO DA EDUCACAO","150004 - STIC","00017/2025","00.336.701/0001-04 - TELECOMUNICACOES BRASILEIRAS SA TELEBRAS","21/02/2025","21/02/2030","R$ 251.573.400,00","60","R$ 4.192.890,00"
"26000 - MINISTERIO DA EDUCACAO","150004 - STIC","00018/2024","33.683.111/0001-07 - SERVICO FEDERAL DE PROCESSAMENTO DE DADOS (SERPRO)","02/07/2024","01/07/2027","R$ 44.257.561,02","1","R$ 44.257.561,02"
"26000 - MINISTERIO DA EDUCACAO","150004 - STIC","00018/2025","33.683.111/0001-07 - SERVICO FEDERAL DE PROCESSAMENTO DE DADOS (SERPRO)","17/02/2025","17/02/2030","R$ 249.909.640,35","60","R$ 4.165.160,67"
"26000 - MINISTERIO DA EDUCACAO","150004 - STIC","00019/2021","57.142.978/0001-05 - BRASOFTWARE INFORMATICA LTDA","16/08/2021","16/08/2025","R$ 2.687.091,83","1","R$ 2.687.091,83"
"26000 - MINISTERIO DA EDUCACAO","150004 - STIC","00019/2023","26.086.569/0001-05 - VERY TECNOLOGIA LTDA","15/08/2023","15/08/2025","R$ 17.232.669,98","1","R$ 17.232.669,98"
"26000 - MINISTERIO DA EDUCACAO","150004 - STIC","00020/2017","03.017.428/0001-35 - NCT INFORMATICA LTDA","07/04/2017","07/04/2018","R$ 715.032,00","12","R$ 59.586,00"
"26000 - MINISTERIO DA EDUCACAO","150004 - STIC","00021/2023","10.258.323/0001-33 - UNIC SOLUTIONS  -  COMERCIO, IMPORTACAO  E  SERVICOS  DE  INFORMATICA  LTDA","05/10/2023","05/10/2025","R$ 1.588.728,78","12","R$ 132.394,07"
"26000 - MINISTERIO DA EDUCACAO","150004 - STIC","00021/2025","12.130.013/0003-26 - GLOBALWEB OUTSOURCING DO BRASIL S.A.","24/03/2025","24/03/2026","R$ 16.529.154,60","12","R$ 1.377.429,55"
"26000 - MINISTERIO DA EDUCACAO","152005 - INES-RJ","00022/2024","35.194.946/0001-10 - 3STRUCTURE IT LTDA","08/04/2024","08/04/2029","R$ 177.604,76","1","R$ 177.604,76"
"26000 - MINISTERIO DA EDUCACAO","150004 - STIC","00023/2018","59.456.277/0003-38 - ORACLE DO BRASIL SISTEMAS LTDA","17/10/2018","17/10/2023","R$ 4.665.925,49","12","R$ 388.827,12"
"26000 - MINISTERIO DA EDUCACAO","150004 - STIC","00023/2022","33.683.111/0001-07 - SERVICO FEDERAL DE PROCESSAMENTO DE DADOS (SERPRO)","17/08/2022","17/08/2025","R$ 54.216,42","1","R$ 54.216,42"
"26000 - MINISTERIO DA EDUCACAO","152004 - IBC/RJ","00025/2017","07.094.346/0001-45 - G4F SOLUCOES CORPORATIVAS LTDA","16/10/2017","15/10/2023","R$ 950.761,20","12","R$ 79.230,10"
"26000 - MINISTERIO DA EDUCACAO","150004 - STIC","00025/2023","35.486.862/0001-50 - MOVX TECNOLOGIA LTDA","03/11/2023","02/11/2025","R$ 18.000,00","1","R$ 18.000,00"
"26000 - MINISTERIO DA EDUCACAO","150004 - STIC","00025/2024","54.144.564/0001-27 - X7 INFORMATION TECHNOLOGY LTDA","08/10/2024","08/10/2027","R$ 13.780,00","1","R$ 13.780,00"
"26000 - MINISTERIO DA EDUCACAO","152005 - INES-RJ","00026/2023","32.578.387/0001-54 - PARK PLACE TECHNOLOGIES BRAZIL LTDA","02/01/2024","02/01/2029","R$ 172.800,00","1","R$ 172.800,00"
"26000 - MINISTERIO DA EDUCACAO","150004 - STIC","00026/2024","02.558.157/0001-62 - TELEFONICA BRASIL S.A.","13/12/2024","13/12/2027","R$ 148.531,98","36","R$ 4.125,89"
"26000 - MINISTERIO DA EDUCACAO","150004 - STIC","00026/2025","04.238.297/0004-21 - 3CORP TECHNOLOGY INFRAESTRUTURA DE TELECOM LTDA.","12/05/2025","12/05/2026","R$ 6.904.350,00","12","R$ 575.362,50"
"26000 - MINISTERIO DA EDUCACAO","150004 - STIC","00027/2023","03.535.902/0001-10 - DECISION SERVICOS DE TECNOLOGIA DA INFORMACAO LTDA","08/11/2023","07/11/2024","R$ 1.850.103,00","1","R$ 1.850.103,00"
"26000 - MINISTERIO DA EDUCACAO","150004 - STIC","00028/2019","05.205.057/0001-40 - MJP INFORMATICA E SERVICOS LTDA","25/10/2019","25/10/2024","R$ 69.774,48","12","R$ 5.814,54"
"26000 - MINISTERIO DA EDUCACAO","150004 - STIC","00028/2020","02.593.165/0001-40 - GARTNER DO BRASIL SERVICOS DE PESQUISAS LTDA.","18/12/2020","18/12/2025","R$ 1.782.396,43","1","R$ 1.782.396,43"
"26000 - MINISTERIO DA EDUCACAO","150004 - STIC","00028/2021","07.432.517/0001-07 - SIMPRESS COMERCIO LOCACAO E SERVICOS LTDA","14/10/2021","14/10/2025","R$ 844.584,48","12","R$ 70.382,04"
"26000 - MINISTERIO DA EDUCACAO","150004 - STIC","00028/2022","04.699.854/0001-69 - GRG TECH ASSESSORIA EM INFORMATICA LTDA","22/11/2022","22/11/2027","R$ 550.149,00","1","R$ 550.149,00"
"26000 - MINISTERIO DA EDUCACAO","150004 - STIC","00028/2023","59.456.277/0003-38 - ORACLE DO BRASIL SISTEMAS LTDA","30/11/2023","29/05/2028","R$ 12.975.470,70","1","R$ 12.975.470,70"
"26000 - MINISTERIO DA EDUCACAO","152005 - INES-RJ","00029/2024","48.431.950/0001-05 - GABRIEL ALEX RAMIRO MARTINS 22834623805","17/06/2024","17/06/2025","R$ 1.116.761,00","1","R$ 1.116.761,00"
"26000 - MINISTERIO DA EDUCACAO","152005 - INES-RJ","00030/2024","33.683.111/0001-07 - SERVICO FEDERAL DE PROCESSAMENTO DE DADOS (SERPRO)","16/06/2024","16/06/2027","R$ 1.968,81","1","R$ 1.968,81"
"26000 - MINISTERIO DA EDUCACAO","150004 - STIC","00031/2021","07.094.346/0001-45 - G4F SOLUCOES CORPORATIVAS LTDA","26/10/2021","26/10/2025","R$ 3.111.131,52","12","R$ 259.260,96"
"26000 - MINISTERIO DA EDUCACAO","150004 - STIC","00037/2021","04.602.789/0001-01 - DATEN TECNOLOGIA LTDA","28/12/2021","28/12/2022","R$ 2.060.400,00","1","R$ 2.060.400,00"
"26000 - MINISTERIO DA EDUCACAO","150004 - STIC","00038/2021","15.457.043/0001-78 - ADISTEC BRASIL INFORMATICA LTDA","23/12/2021","23/12/2026","R$ 2.255.000,00","1","R$ 2.255.000,00"
"26000 - MINISTERIO DA EDUCACAO","150004 - STIC","00039/2024","38.597.881/0001-42 - X.DIGITAL BRASIL SEGURANCA DA INFORMACAO LTDA","19/12/2024","19/12/2025","R$ 1.286,76","1","R$ 1.286,76"
"26000 - MINISTERIO DA EDUCACAO","150004 - STIC","00046/2024","43.883.458/0001-49 - LOGAN-IT COMERCIO E SERVICOS LTDA","31/12/2024","31/12/2027","R$ 66.664,50","1","R$ 66.664,50"
"26000 - MINISTERIO DA EDUCACAO","150004 - STIC","00048/2024","26.086.569/0001-05 - VERY TECNOLOGIA LTDA","31/12/2024","31/12/2027","R$ 3.392.650,00","1","R$ 3.392.650,00"
"26000 - MINISTERIO DA EDUCACAO","150004 - STIC","2024NE000064","49.125.377/0001-66 - RFM GONCALVES LICITACOES PUBLICAS LTDA","22/11/2024","22/11/2025","R$ 38.155,00","1","R$ 38.155,00"
"26000 - MINISTERIO DA EDUCACAO","150004 - STIC","2024NE000072","49.534.946/0001-27 - UPGRADE TECNOLOGIA E INFORMATICA LTDA","30/12/2024","30/12/2025","R$ 3.600,00","1","R$ 3.600,00"
"26000 - MINISTERIO DA EDUCACAO","150004 - STIC","2024NE000073","43.794.816/0001-47 - ARS COMERCIO E SERVICOS DE TECNOLOGIA LTDA","30/12/2024","30/12/2025","R$ 6.850,00","1","R$ 6.850,00"
"26000 - MINISTERIO DA EDUCACAO","152004 - IBC/RJ","2024NE400050","69.112.514/0001-35 - PRIMASOFT INFORMATICA LTDA.","01/07/2024","01/07/2025","R$ 26.157,60","12","R$ 2.179,80"