"Órgão","Unidade Gestora","Número Contrato","Fornecedor","Vig. Início","Vig. Fim","Valor Global","Núm. Parcelas","Valor Parcela"
"35000 - MINISTERIO DAS RELACOES EXTERIORES","240010 - DTIC","00001/2025","01.181.242/0003-53 - COMPWIRE INFORMATICA LTDA","25/03/2025","25/03/2026","R$ 2.065.967,35","1","R$ 2.065.967,35"
"35000 - MINISTERIO DAS RELACOES EXTERIORES","240010 - DTIC","00008/2023","07.432.517/0001-07 - SIMPRESS COMERCIO LOCACAO E SERVICOS LTDA","10/10/2023","10/10/2025","R$ 2.469.426,51","24","R$ 102.892,77"
"35000 - MINISTERIO DAS RELACOES EXTERIORES","240010 - DTIC","00002/2023","03.535.902/0001-10 - DECISION SERVICOS DE TECNOLOGIA DA INFORMACAO LTDA","07/04/2023","07/04/2027","R$ 890.000,00","1","R$ 890.000,00"
"35000 - MINISTERIO DAS RELACOES EXTERIORES","240010 - DTIC","00005/2023","17.004.434/0001-62 - LOUPEN TECNOLOGIA DA INFORMACAO LTDA","14/07/2023","14/07/2025","R$ 45.135,64","1","R$ 45.135,64"
"35000 - MINISTERIO DAS RELACOES EXTERIORES","240010 - DTIC","00008/2021","00.545.482/0001-65 - NETWORLD TELECOMUNICACOES DO BRASIL LTDA","16/12/2021","16/12/2025","R$ 43.749,84","12","R$ 3.645,82"
"35000 - MINISTERIO DAS RELACOES EXTERIORES","240010 - DTIC","00005/2022","05.085.461/0001-28 - DATAINFO SOLUCOES EM TECNOLOGIA DA INFORMACAO LTDA","21/09/2022","21/09/2027","R$ 2.819.638,20","30","R$ 93.987,94"
"35000 - MINISTERIO DAS RELACOES EXTERIORES","240010 - DTIC","00007/2021","57.142.978/0001-05 - BRASOFTWARE INFORMATICA LTDA","13/12/2021","30/04/2025","R$ 4.887.029,95","1","R$ 4.887.029,95"
"35000 - MINISTERIO DAS RELACOES EXTERIORES","240010 - DTIC","00002/2022","05.510.654/0004-21 - POSITIVO S+ SOLUCOES EM TI S.A","13/08/2022","13/08/2025","R$ 6.157.449,72","12","R$ 513.120,81"
"35000 - MINISTERIO DAS RELACOES EXTERIORES","240010 - DTIC","00008/2019","01.707.536/0001-04 - ISH TECNOLOGIA S/A","30/12/2019","30/12/2024","R$ 97.399,92","12","R$ 8.116,66"
"35000 - MINISTERIO DAS RELACOES EXTERIORES","240010 - DTIC","00002/2024","42.422.253/0001-01 - EMPRESA DE TECNOLOGIA E INFORMACOES DA PREVIDENCIA S.A. - DATAPREV","28/03/2024","28/03/2026","R$ 1.787.304,24","24","R$ 74.471,01"
"35000 - MINISTERIO DAS RELACOES EXTERIORES","240010 - DTIC","00006/2018","76.659.820/0001-51 - ASSOCIACAO PARANAENSE DE CULTURA - APC","16/10/2018","15/10/2024","R$ 21.013,68","12","R$ 1.751,14"
"35000 - MINISTERIO DAS RELACOES EXTERIORES","240010 - DTIC","00007/2022","07.192.480/0002-60 - AMM TECNOLOGIA E SERVICOS DE INFORMATICA S/A","28/12/2022","28/12/2025","R$ 7.321.630,59","1","R$ 7.321.630,59"
"35000 - MINISTERIO DAS RELACOES EXTERIORES","240010 - DTIC","00005/2025","03.017.428/0001-35 - NCT INFORMATICA LTDA","05/05/2025","05/05/2030","R$ 5.059.830,48","1","R$ 5.059.830,48"
"35000 - MINISTERIO DAS RELACOES EXTERIORES","240010 - DTIC","00005/2018","02.421.421/0001-11 - TIM S A","16/07/2018","15/07/2021","R$ 219.984,00","12","R$ 18.332,00"
"35000 - MINISTERIO DAS RELACOES EXTERIORES","240010 - DTIC","00005/2021","07.094.346/0001-45 - G4F SOLUCOES CORPORATIVAS LTDA","04/10/2021","03/10/2025","R$ 13.732.502,28","11","R$ 1.248.409,30"
"35000 - MINISTERIO DAS RELACOES EXTERIORES","240010 - DTIC","00007/2016","01.011.976/0001-22 - ORION ENGENHARIA E TECNOLOGIA S/A","21/09/2016","21/09/2022","R$ 664.656,05","12","R$ 55.388,00"
"35000 - MINISTERIO DAS RELACOES EXTERIORES","240010 - DTIC","00010/2021","33.683.111/0001-07 - SERVICO FEDERAL DE PROCESSAMENTO DE DADOS (SERPRO)","20/12/2021","19/12/2025","R$ 7.191,00","12","R$ 599,25"
"35000 - MINISTERIO DAS RELACOES EXTERIORES","240010 - DTIC","00008/2018","19.877.285/0002-52 - LANLINK SOLUCOES E COMERCIALIZACAO EM INFORMATICA S/A","21/09/2018","21/12/2021","R$ 7.631.030,47","1","R$ 7.631.030,47"
"35000 - MINISTERIO DAS RELACOES EXTERIORES","240010 - DTIC","00007/2023","46.468.345/0001-75 - 46.468.345 MARCELO MELO MARTINS","14/08/2023","12/11/2023","R$ 4.116,38","1","R$ 4.116,38"
"35000 - MINISTERIO DAS RELACOES EXTERIORES","240010 - DTIC","00003/2020","05.510.654/0004-21 - POSITIVO S+ SOLUCOES EM TI S.A","12/08/2020","12/08/2022","R$ 4.992.650,00","12","R$ 416.054,17"
"35000 - MINISTERIO DAS RELACOES EXTERIORES","240010 - DTIC","00006/2022","09.024.896/0001-13 - INB TECNOLOGIA LTDA","31/10/2022","29/01/2023","R$ 3.690.000,00","1","R$ 3.690.000,00"
"35000 - MINISTERIO DAS RELACOES EXTERIORES","240010 - DTIC","00004/2022","02.558.157/0001-62 - TELEFONICA BRASIL S.A.","13/09/2022","13/09/2025","R$ 55.506,24","12","R$ 4.625,52"
"35000 - MINISTERIO DAS RELACOES EXTERIORES","240010 - DTIC","00017/2018","03.143.665/0001-42 - ETT INFORMATICA LTDA","26/12/2018","26/12/2022","R$ 914.645,12","1","R$ 914.645,12"
"35000 - MINISTERIO DAS RELACOES EXTERIORES","240010 - DTIC","00006/2020","806030 - SERPRO - SEDE - BRASILIA","28/10/2020","28/10/2025","R$ 20.611.135,88","12","R$ 1.717.594,66"
"35000 - MINISTERIO DAS RELACOES EXTERIORES","240010 - DTIC","00009/2021","02.421.421/0001-11 - TIM S A","16/12/2021","16/12/2025","R$ 79.199,88","12","R$ 6.599,99"
"35000 - MINISTERIO DAS RELACOES EXTERIORES","240010 - DTIC","00001/2020","01.707.536/0001-04 - ISH TECNOLOGIA S/A","27/03/2020","27/03/2025","R$ 10.484.275,00","60","R$ 174.737,91"
"35000 - MINISTERIO DAS RELACOES EXTERIORES","240010 - DTIC","00016/2018","05.761.098/0001-13 - KRYPTUS SEGURANCA DA INFORMACAO S.A.","28/12/2018","28/12/2023","R$ 2.741.280,00","1","R$ 2.741.280,00"
"35000 - MINISTERIO DAS RELACOES EXTERIORES","240010 - DTIC","00001/2017","01.707.536/0001-04 - ISH TECNOLOGIA S/A","01/05/2019","30/04/2020","R$ 563.738,04","12","R$ 46.978,17"
"35000 - MINISTERIO DAS RELACOES EXTERIORES","240010 - DTIC","00007/2014","33.683.111/0002-80 - SERVICO FEDERAL DE PROCESSAMENTO DE DADOS (SERPRO)","23/09/2018","22/09/2019","R$ 187.170,96","12","R$ 15.597,58"
"35000 - MINISTERIO DAS RELACOES EXTERIORES","240010 - DTIC","00001/2022","07.094.346/0001-45 - G4F SOLUCOES CORPORATIVAS LTDA","09/05/2022","09/05/2026","R$ 2.597.522,16","24","R$ 108.230,09"
"35000 - MINISTERIO DAS RELACOES EXTERIORES","240010 - DTIC","00005/2019","806030 - SERPRO - SEDE - BRASILIA","23/09/2019","23/09/2021","R$ 402.081,48","12","R$ 33.506,79"
"35000 - MINISTERIO DAS RELACOES EXTERIORES","240010 - DTIC","00002/2020","01.707.536/0001-04 - ISH TECNOLOGIA S/A","01/04/2020","01/04/2025","R$ 2.673.000,00","60","R$ 44.550,00"
"35000 - MINISTERIO DAS RELACOES EXTERIORES","240010 - DTIC","00003/2021","33.683.111/0001-07 - SERVICO FEDERAL DE PROCESSAMENTO DE DADOS (SERPRO)","24/09/2021","23/09/2025","R$ 398.361,24","12","R$ 33.196,77"
"35000 - MINISTERIO DAS RELACOES EXTERIORES","240010 - DTIC","00007/2019","03.619.767/0005-15 - TORINO INFORMATICA LTDA..","30/12/2019","30/12/2024","R$ 2.750.760,00","60","R$ 45.846,00"
"35000 - MINISTERIO DAS RELACOES EXTERIORES","240010 - DTIC","00008/2020","03.619.767/0005-15 - TORINO INFORMATICA LTDA..","31/12/2020","30/06/2024","R$ 660.000,00","1","R$ 660.000,00"
"35000 - MINISTERIO DAS RELACOES EXTERIORES","240010 - DTIC","00005/2016","40.432.544/0001-47 - CLARO S.A.","19/09/2016","19/09/2022","R$ 322.066,96","12","R$ 26.838,91"
"35000 - MINISTERIO DAS RELACOES EXTERIORES","240010 - DTIC","00001/2021","04.892.991/0001-15 - TELTEC SOLUTIONS LTDA","22/06/2021","22/06/2023","R$ 4.536.884,00","12","R$ 378.073,67"
"35000 - MINISTERIO DAS RELACOES EXTERIORES","240010 - DTIC","00006/2016","02.421.421/0001-11 - TIM S A","20/09/2016","20/09/2022","R$ 325.582,42","12","R$ 27.131,87"
"35000 - MINISTERIO DAS RELACOES EXTERIORES","240010 - DTIC","00003/2022","00.801.587/0001-38 - IRONBR AMBIENTE SEGURO LTDA","22/09/2022","22/09/2025","R$ 204.000,00","12","R$ 17.000,00"
"35000 - MINISTERIO DAS RELACOES EXTERIORES","240010 - DTIC","00004/2023","04.198.254/0001-17 - MCR SISTEMAS E CONSULTORIA LTDA","29/06/2023","29/06/2026","R$ 1.211.342,00","1","R$ 1.211.342,00"
"35000 - MINISTERIO DAS RELACOES EXTERIORES","240010 - DTIC","00001/2024","03.017.428/0001-35 - NCT INFORMATICA LTDA","26/03/2024","26/03/2029","R$ 1.889.200,00","1","R$ 1.889.200,00"
"35000 - MINISTERIO DAS RELACOES EXTERIORES","240010 - DTIC","00002/2019","32.915.753/0001-13 - MAES MICROFILMAGEM, ASSISTENCIA ELETRONICA E SISTEMAS LTDA","21/01/2019","21/03/2020","R$ 510.000,00","14","R$ 36.428,57"
"35000 - MINISTERIO DAS RELACOES EXTERIORES","240010 - DTIC","00001/2023","03.535.902/0001-10 - DECISION SERVICOS DE TECNOLOGIA DA INFORMACAO LTDA","16/02/2023","15/02/2028","R$ 8.790.000,00","1","R$ 8.790.000,00"
"35000 - MINISTERIO DAS RELACOES EXTERIORES","240010 - DTIC","00012/2023","42.448.644/0001-97 - MSI COMERCIO E SERVICOS LTDA","18/12/2023","17/12/2024","R$ 9.760,00","1","R$ 9.760,00"
"35000 - MINISTERIO DAS RELACOES EXTERIORES","240010 - DTIC","00012/2018","05.761.098/0001-13 - KRYPTUS SEGURANCA DA INFORMACAO S.A.","17/11/2018","17/11/2023","R$ 953.514,46","1","R$ 79.459,54"
"35000 - MINISTERIO DAS RELACOES EXTERIORES","240010 - DTIC","00006/2023","33.683.111/0001-07 - SERVICO FEDERAL DE PROCESSAMENTO DE DADOS (SERPRO)","12/07/2023","04/07/2025","R$ 26.182,82","12","R$ 2.181,90"
"35000 - MINISTERIO DAS RELACOES EXTERIORES","240010 - DTIC","00001/2018","07.432.517/0001-07 - SIMPRESS COMERCIO LOCACAO E SERVICOS LTDA","30/01/2018","30/01/2023","R$ 1.033.261,32","12","R$ 86.105,11"
"35000 - MINISTERIO DAS RELACOES EXTERIORES","240010 - DTIC","00010/2023","03.535.902/0001-10 - DECISION SERVICOS DE TECNOLOGIA DA INFORMACAO LTDA","18/12/2023","17/12/2024","R$ 959.200,00","1","R$ 959.200,00"
"35000 - MINISTERIO DAS RELACOES EXTERIORES","240010 - DTIC","00003/2024","94.316.916/0005-22 - LTA-RH INFORMATICA, COMERCIO, REPRESENTACOES LTDA","13/05/2024","12/05/2025","R$ 1.752.093,00","8","R$ 219.011,63"
"35000 - MINISTERIO DAS RELACOES EXTERIORES","240010 - DTIC","00003/2023","57.142.978/0001-05 - BRASOFTWARE INFORMATICA LTDA","29/06/2023","29/06/2026","R$ 22.997.164,00","36","R$ 638.810,11"
"35000 - MINISTERIO DAS RELACOES EXTERIORES","240010 - DTIC","00009/2023","05.761.098/0001-13 - KRYPTUS SEGURANCA DA INFORMACAO S.A.","20/10/2023","20/10/2025","R$ 7.430.000,00","24","R$ 309.583,33"
"35000 - MINISTERIO DAS RELACOES EXTERIORES","240010 - DTIC","00005/2024","72.381.189/0010-01 - DELL COMPUTADORES DO BRASIL LTDA","04/07/2024","04/07/2029","R$ 1.572.637,00","1","R$ 1.572.637,00"
"35000 - MINISTERIO DAS RELACOES EXTERIORES","240010 - DTIC","00011/2023","26.145.027/0001-66 - MTSI COMERCIO E SERVICOS DE IMPRESSAO LTDA","18/12/2023","17/12/2024","R$ 187.750,00","1","R$ 187.750,00"
"35000 - MINISTERIO DAS RELACOES EXTERIORES","240031 - ERESP","00001/2025","63.320.667/0001-91 - AS SISTEMAS CONSULTORIA PUBLICA LTDA","30/01/2025","30/01/2030","R$ 13.344,00","1","R$ 13.344,00"
"35000 - MINISTERIO DAS RELACOES EXTERIORES","240031 - ERESP","00015/2024","09.039.335/0001-98 - IT4TECH COMERCIO E PRESTACAO DE SERVICOS LTDA","11/12/2024","11/01/2025","R$ 400,00","1","R$ 400,00"
"35000 - MINISTERIO DAS RELACOES EXTERIORES","240033 - CGAC","00001/2024","33.683.111/0001-07 - SERVICO FEDERAL DE PROCESSAMENTO DE DADOS (SERPRO)","02/07/2024","01/07/2025","R$ 300.612,68","12","R$ 25.051,06"